-- phpMyAdmin SQL Dump
-- version 5.2.1
-- https://www.phpmyadmin.net/
--
-- Host: 127.0.0.1
-- Generation Time: Nov 29, 2023 at 11:10 AM
-- Server version: 10.4.32-MariaDB
-- PHP Version: 8.2.12

SET SQL_MODE = "NO_AUTO_VALUE_ON_ZERO";
START TRANSACTION;
SET time_zone = "+00:00";


/*!40101 SET @OLD_CHARACTER_SET_CLIENT=@@CHARACTER_SET_CLIENT */;
/*!40101 SET @OLD_CHARACTER_SET_RESULTS=@@CHARACTER_SET_RESULTS */;
/*!40101 SET @OLD_COLLATION_CONNECTION=@@COLLATION_CONNECTION */;
/*!40101 SET NAMES utf8mb4 */;

--
-- Database: `reo_api`
--

-- --------------------------------------------------------

--
-- Table structure for table `clients`
--

CREATE TABLE `clients` (
  `ClientsID` bigint(20) UNSIGNED NOT NULL,
  `ClientName` varchar(255) NOT NULL,
  `ClientType` varchar(255) NOT NULL,
  `ClientContact` varchar(255) NOT NULL,
  `created_at` timestamp NULL DEFAULT NULL,
  `updated_at` timestamp NULL DEFAULT NULL
) ENGINE=InnoDB DEFAULT CHARSET=utf8mb4 COLLATE=utf8mb4_unicode_ci;

--
-- Dumping data for table `clients`
--

INSERT INTO `clients` (`ClientsID`, `ClientName`, `ClientType`, `ClientContact`, `created_at`, `updated_at`) VALUES
(10131, 'VFkb3IqiHj', 'Individual', 'T46V374vvP@example.com', '2023-11-27 23:25:30', '2023-11-27 23:25:30'),
(16950, 'G0hIivCdf9', 'LegalEntity', 'WN7i2UmfTT@example.com', '2023-11-27 23:25:30', '2023-11-27 23:25:30'),
(17556, '8Jv7YAj4x2', 'Individual', 'aLKeS083b8@example.com', '2023-11-27 23:25:31', '2023-11-27 23:25:31'),
(25605, 'vhjAcX0ViN', 'Individual', 'X8a2T2TGm3@example.com', '2023-11-27 23:25:30', '2023-11-27 23:25:30'),
(28201, 'pcboyvMvPW', 'Individual', '5jHDcnHyh9@example.com', '2023-11-27 23:25:31', '2023-11-27 23:25:31'),
(31872, 'YjTkOgCy3A', 'Individual', '58uWPHqLAl@example.com', '2023-11-27 23:25:30', '2023-11-27 23:25:30'),
(32612, 'JBBHV29NMp', 'LegalEntity', 'UsdCuNKjIV@example.com', '2023-11-27 23:25:30', '2023-11-27 23:25:30'),
(41277, 'Xm0N0BZ7Dz', 'LegalEntity', 'VroMN0wlEJ@example.com', '2023-11-27 23:25:30', '2023-11-27 23:25:30'),
(43964, 'aM6qaHOgOp', 'Individual', 'QLgXC6cuNX@example.com', '2023-11-27 23:25:31', '2023-11-27 23:25:31'),
(45106, 'l1FCFuCWa6', 'LegalEntity', 'pAO86nuOba@example.com', '2023-11-27 23:25:31', '2023-11-27 23:25:31'),
(49302, 'LJHYkm2rRk', 'Individual', 'LlgJOlSuk7@example.com', '2023-11-27 23:25:30', '2023-11-27 23:25:30'),
(52879, 'ohWQptV9nf', 'LegalEntity', 'jyoynoWixS@example.com', '2023-11-27 23:25:31', '2023-11-27 23:25:31'),
(60997, 'tFHeIrslQ9', 'Individual', 'WXinetDKv3@example.com', '2023-11-27 23:25:30', '2023-11-27 23:25:30'),
(72447, 'DfxuTmWLnO', 'LegalEntity', 'CkhZa9ktTg@example.com', '2023-11-27 23:25:30', '2023-11-27 23:25:30'),
(73062, 'ue72eouDDb', 'LegalEntity', '2kUtf6oI9Y@example.com', '2023-11-27 23:25:31', '2023-11-27 23:25:31'),
(79135, 'xmxgG7RiEY', 'Individual', 'FWGVIo81q1@example.com', '2023-11-27 23:25:30', '2023-11-27 23:25:30'),
(87188, 'OLl6DC33rl', 'Individual', 'EPbBBSf2J5@example.com', '2023-11-27 23:25:31', '2023-11-27 23:25:31'),
(90967, 'OvyVLXAgMK', 'LegalEntity', '9q8jtyaFkF@example.com', '2023-11-27 23:25:30', '2023-11-27 23:25:30'),
(94685, '9V6j6ZTvEt', 'LegalEntity', 'YhvEAJSCZh@example.com', '2023-11-27 23:25:31', '2023-11-27 23:25:31'),
(98098, '1fOPvsSKPY', 'LegalEntity', '392xFGdy8L@example.com', '2023-11-27 23:25:31', '2023-11-27 23:25:31'),
(107379, 'OGGFWOlsku', 'LegalEntity', 'el2js1RprB@example.com', '2023-11-27 23:25:31', '2023-11-27 23:25:31'),
(109739, 'LhfpRBdaF4', 'LegalEntity', 'x38TWyhTSp@example.com', '2023-11-27 23:25:30', '2023-11-27 23:25:30'),
(112162, 'eAqd0tK2hY', 'LegalEntity', 'Qbtxb5giqi@example.com', '2023-11-27 23:25:31', '2023-11-27 23:25:31'),
(114210, 'bIoCsTleux', 'Individual', 'NLi1c7Cufl@example.com', '2023-11-27 23:25:30', '2023-11-27 23:25:30'),
(118265, 'MuJ6xMMON8', 'Individual', '8drJu7XkHr@example.com', '2023-11-27 23:25:31', '2023-11-27 23:25:31'),
(119287, 'nDTB23vopl', 'LegalEntity', 'nuBPflBj0S@example.com', '2023-11-27 23:25:30', '2023-11-27 23:25:30'),
(120771, 'PkUSiFDqkv', 'Individual', 'f5bQjjetBB@example.com', '2023-11-27 23:25:31', '2023-11-27 23:25:31'),
(125190, 'Koh288qC0b', 'LegalEntity', 'eQlSDJrkOG@example.com', '2023-11-27 23:25:31', '2023-11-27 23:25:31'),
(125559, 'dBIad7KdsG', 'LegalEntity', '4Pan5dC51L@example.com', '2023-11-27 23:25:30', '2023-11-27 23:25:30'),
(129171, '9FSuAZekNZ', 'LegalEntity', 'HxUX09A6ah@example.com', '2023-11-27 23:25:30', '2023-11-27 23:25:30'),
(129331, 'hUAvdAk0gk', 'LegalEntity', '5jAl1sRYpV@example.com', '2023-11-27 23:25:30', '2023-11-27 23:25:30'),
(134832, '91RQxAdvs4', 'Individual', 'SWfq2gT6Gg@example.com', '2023-11-27 23:25:30', '2023-11-27 23:25:30'),
(138625, 'M9i6g1hlKZ', 'Individual', 'c4CjNcKWOr@example.com', '2023-11-27 23:25:30', '2023-11-27 23:25:30'),
(141204, 'VlQiIdUQyZ', 'Individual', '6y6EF7vvEW@example.com', '2023-11-27 23:25:30', '2023-11-27 23:25:30'),
(142093, 'qkny1UpBVS', 'Individual', 'vRBzvNzvlV@example.com', '2023-11-27 23:25:31', '2023-11-27 23:25:31'),
(144167, 'PfOs6xpBg6', 'LegalEntity', 'ZadkOExEf6@example.com', '2023-11-27 23:25:30', '2023-11-27 23:25:30'),
(149140, 'keWDggqzBz', 'LegalEntity', '8sfxrWMxI2@example.com', '2023-11-27 23:25:30', '2023-11-27 23:25:30'),
(151671, 'JpdghbZo5E', 'Individual', 'DvRUFA30Yb@example.com', '2023-11-27 23:25:30', '2023-11-27 23:25:30'),
(152597, 'xG0059pjWQ', 'Individual', 'CZlOlMsK4J@example.com', '2023-11-27 23:25:31', '2023-11-27 23:25:31'),
(152917, '8nexABif61', 'Individual', 'xj26zxJH5l@example.com', '2023-11-27 23:25:30', '2023-11-27 23:25:30'),
(154993, 'udWQXJFKVV', 'Individual', 'WmwmCkYEsG@example.com', '2023-11-27 23:25:30', '2023-11-27 23:25:30'),
(155462, 'zCNeUFvFEi', 'LegalEntity', 'aeyH6XDC3G@example.com', '2023-11-27 23:25:31', '2023-11-27 23:25:31'),
(155503, 'HjRuBbCLe5', 'LegalEntity', 'sipqqfHUNX@example.com', '2023-11-27 23:25:31', '2023-11-27 23:25:31'),
(161253, '2wD9d53ypY', 'LegalEntity', 'muzVS1NoER@example.com', '2023-11-27 23:25:30', '2023-11-27 23:25:30'),
(163680, 'n6QANmyvwh', 'Individual', '6kysp4yxzD@example.com', '2023-11-27 23:25:31', '2023-11-27 23:25:31'),
(164674, 'GVVXpcweXg', 'Individual', 'wPv6MMVxHu@example.com', '2023-11-27 23:25:30', '2023-11-27 23:25:30'),
(173136, 'dUvSU69yHD', 'LegalEntity', 'jAsYGDDgq9@example.com', '2023-11-27 23:25:30', '2023-11-27 23:25:30'),
(174145, '2ec22RcwQg', 'LegalEntity', 'hOYpwaVkVR@example.com', '2023-11-27 23:25:31', '2023-11-27 23:25:31'),
(178085, 'MFQ3VdqFa4', 'Individual', 'DA6BCSioAg@example.com', '2023-11-27 23:25:31', '2023-11-27 23:25:31'),
(178101, '2QEsxsOVib', 'LegalEntity', 'nKHDYlKUph@example.com', '2023-11-27 23:25:30', '2023-11-27 23:25:30'),
(184469, 'BbIu60oTsN', 'Individual', 'wXpalCYhN0@example.com', '2023-11-27 23:25:31', '2023-11-27 23:25:31'),
(184736, 'ijKaW2DmqJ', 'LegalEntity', '3ugNVdZx9I@example.com', '2023-11-27 23:25:31', '2023-11-27 23:25:31'),
(186446, '61dDsh3YW8', 'LegalEntity', 'aDylzOcyCl@example.com', '2023-11-27 23:25:30', '2023-11-27 23:25:30'),
(187052, '1xuojeA5Hg', 'LegalEntity', '1taK9xXszy@example.com', '2023-11-27 23:25:30', '2023-11-27 23:25:30'),
(202745, 'RFKM39OhAY', 'LegalEntity', 'evl5noY8df@example.com', '2023-11-27 23:25:30', '2023-11-27 23:25:30'),
(206338, 'Zz7S7bZKqB', 'Individual', 'lYIEnP1Aha@example.com', '2023-11-27 23:25:30', '2023-11-27 23:25:30'),
(206459, 'qMOL2CzDf8', 'Individual', 'nv8hQ64wfp@example.com', '2023-11-27 23:25:31', '2023-11-27 23:25:31'),
(215008, 'lbojXsK7Wf', 'LegalEntity', '4p13u6Lp7T@example.com', '2023-11-27 23:25:31', '2023-11-27 23:25:31'),
(216677, 'AGZoo2hP4V', 'Individual', 'XEnOnPSh12@example.com', '2023-11-27 23:25:30', '2023-11-27 23:25:30'),
(217681, '0Gtqg0GKm3', 'Individual', 'lsZ5217Cjb@example.com', '2023-11-27 23:25:31', '2023-11-27 23:25:31'),
(228038, 'BBNWgpc6gI', 'LegalEntity', 'OwREEbz0SW@example.com', '2023-11-27 23:25:30', '2023-11-27 23:25:30'),
(232226, 'JZUfQ9613a', 'Individual', 'NZDN0TYRty@example.com', '2023-11-27 23:25:30', '2023-11-27 23:25:30'),
(234782, 'iehYHM0UeS', 'Individual', '03jGnXvwCn@example.com', '2023-11-27 23:25:31', '2023-11-27 23:25:31'),
(236950, 'jidDSxguZW', 'LegalEntity', 'HRNZeK79a5@example.com', '2023-11-27 23:25:31', '2023-11-27 23:25:31'),
(242066, 'oeb94BpsEs', 'LegalEntity', '7GnL9ibF31@example.com', '2023-11-27 23:25:30', '2023-11-27 23:25:30'),
(242876, 'Dy8qgbIv44', 'Individual', 'dylFPZl3xx@example.com', '2023-11-27 23:25:31', '2023-11-27 23:25:31'),
(247495, 'VM4oNhkBmd', 'LegalEntity', '2cYONrtGu5@example.com', '2023-11-27 23:25:31', '2023-11-27 23:25:31'),
(248910, 'Bp1rDx4Rs0', 'LegalEntity', 'taw7I5jwC3@example.com', '2023-11-27 23:25:30', '2023-11-27 23:25:30'),
(258005, 'WuFNwfE8aI', 'LegalEntity', 'PV1d2MzemW@example.com', '2023-11-27 23:25:31', '2023-11-27 23:25:31'),
(265402, 'ZJYZk81cBe', 'LegalEntity', 'Zhg9Q44oGX@example.com', '2023-11-27 23:25:31', '2023-11-27 23:25:31'),
(265990, 'i1oX9I2vv0', 'Individual', '0WDOcV7jTf@example.com', '2023-11-27 23:25:31', '2023-11-27 23:25:31'),
(266377, 'fEgfEXPjqT', 'Individual', '4u7MYQXuN6@example.com', '2023-11-27 23:25:30', '2023-11-27 23:25:30'),
(268289, 'E0rj8Ettiz', 'LegalEntity', 'CRqAQMT4WX@example.com', '2023-11-27 23:25:31', '2023-11-27 23:25:31'),
(268950, 'GSNiL8sbvS', 'Individual', 'rBKFOLMjQZ@example.com', '2023-11-27 23:25:31', '2023-11-27 23:25:31'),
(276453, 'Y32C5BO2iT', 'LegalEntity', 'dfHhEQ64ZN@example.com', '2023-11-27 23:25:30', '2023-11-27 23:25:30'),
(277026, 'iNziWku2Vn', 'LegalEntity', 'xzLneqLhWK@example.com', '2023-11-27 23:25:30', '2023-11-27 23:25:30'),
(280597, 'ZnsDsOFEyh', 'Individual', 'ki48Gi3d3v@example.com', '2023-11-27 23:25:30', '2023-11-27 23:25:30'),
(282313, 'xxt20XFzVt', 'LegalEntity', 'wDsoEAsmIg@example.com', '2023-11-27 23:25:30', '2023-11-27 23:25:30'),
(284924, 'bkyFPJNLMu', 'LegalEntity', '3xQjm7SkUk@example.com', '2023-11-27 23:25:30', '2023-11-27 23:25:30'),
(289555, 'RPyfp2LJr0', 'LegalEntity', 'frXGCagUf2@example.com', '2023-11-27 23:25:31', '2023-11-27 23:25:31'),
(290031, 'mn9NK4vDDT', 'LegalEntity', 'TkIUm5oh2Y@example.com', '2023-11-27 23:25:30', '2023-11-27 23:25:30'),
(298584, 'SLMFkVkQ33', 'LegalEntity', 'XSsIN3QS3u@example.com', '2023-11-27 23:25:31', '2023-11-27 23:25:31'),
(299356, 'jcMhPF81Yu', 'Individual', 'lq5dYqtDlM@example.com', '2023-11-27 23:25:31', '2023-11-27 23:25:31'),
(305220, 'gEt7aaZuIa', 'Individual', 'J97mwwg2Wm@example.com', '2023-11-27 23:25:31', '2023-11-27 23:25:31'),
(308347, 'w2CxjFgfpC', 'Individual', 'NpKkfkWNE5@example.com', '2023-11-27 23:25:30', '2023-11-27 23:25:30'),
(312306, '8VQTASlWzl', 'LegalEntity', 'BTSzB53OH8@example.com', '2023-11-27 23:25:31', '2023-11-27 23:25:31'),
(314907, 'a7sNLV56jE', 'Individual', 'TdhNEMfOMY@example.com', '2023-11-27 23:25:30', '2023-11-27 23:25:30'),
(315552, '2qw5RtaCad', 'LegalEntity', 'i04egQiN2f@example.com', '2023-11-27 23:25:30', '2023-11-27 23:25:30'),
(315837, 'q9c8QqewIx', 'Individual', 'f1P1R4cSNh@example.com', '2023-11-27 23:25:31', '2023-11-27 23:25:31'),
(323050, 'KxgczVxcBq', 'LegalEntity', 'NRhiAUI7yC@example.com', '2023-11-27 23:25:31', '2023-11-27 23:25:31'),
(332830, 'RVy2weVYVl', 'Individual', 'UeOzBQ2fYo@example.com', '2023-11-27 23:25:31', '2023-11-27 23:25:31'),
(337208, 'lNFA3T39Ql', 'Individual', 'fjMCRShiLH@example.com', '2023-11-27 23:25:30', '2023-11-27 23:25:30'),
(341357, 'qVehMW9Abj', 'LegalEntity', 'TjiRRIDr2A@example.com', '2023-11-27 23:25:31', '2023-11-27 23:25:31'),
(341754, '53VGrdlCUr', 'Individual', 'VXX9mtmWp7@example.com', '2023-11-27 23:25:30', '2023-11-27 23:25:30'),
(347330, 'RQCCn3BIqS', 'Individual', 'NvPf6yxNvf@example.com', '2023-11-27 23:25:31', '2023-11-27 23:25:31'),
(349836, 'S62W47lizf', 'Individual', 'kSbmRdevLU@example.com', '2023-11-27 23:25:31', '2023-11-27 23:25:31'),
(351469, '5AlRy8l8Fu', 'Individual', 'hdGTOBSXko@example.com', '2023-11-27 23:25:31', '2023-11-27 23:25:31'),
(351783, 'xKmNEghuww', 'LegalEntity', '3vIbAoYruo@example.com', '2023-11-27 23:25:31', '2023-11-27 23:25:31'),
(354045, 'od3koVL4MV', 'Individual', 'oAfa2khOs5@example.com', '2023-11-27 23:25:30', '2023-11-27 23:25:30'),
(356054, '5HvgpA7GWC', 'LegalEntity', 'OWYJYAbcfC@example.com', '2023-11-27 23:25:30', '2023-11-27 23:25:30'),
(358601, 'LC8g1Q5jAu', 'Individual', 'DMfGqlHKx0@example.com', '2023-11-27 23:25:31', '2023-11-27 23:25:31'),
(362677, 'QXbnEi3XlM', 'LegalEntity', 'LladGbRzAJ@example.com', '2023-11-27 23:25:31', '2023-11-27 23:25:31'),
(365855, 'jud0YiGBEM', 'LegalEntity', 'LYXiUcSmck@example.com', '2023-11-27 23:25:30', '2023-11-27 23:25:30'),
(367038, 'tSbftc6ywy', 'Individual', 'yLOj2ASyhR@example.com', '2023-11-27 23:25:30', '2023-11-27 23:25:30'),
(367348, 'YeR8aXD0km', 'LegalEntity', 'blv5vYTOY8@example.com', '2023-11-27 23:25:30', '2023-11-27 23:25:30'),
(368800, 'xaIRhxEkVC', 'LegalEntity', 'fAJBt56RoQ@example.com', '2023-11-27 23:25:31', '2023-11-27 23:25:31'),
(371216, 'm78nyLCWIj', 'Individual', 'DybgR2Vsne@example.com', '2023-11-27 23:25:30', '2023-11-27 23:25:30'),
(378614, '5xmbVNZOcR', 'Individual', 'HcN4LjsKN5@example.com', '2023-11-27 23:25:30', '2023-11-27 23:25:30'),
(380445, 'hCcHZW7bjU', 'Individual', '1nOcswI3Dg@example.com', '2023-11-27 23:25:31', '2023-11-27 23:25:31'),
(385563, 'SJRTj2u5AY', 'Individual', 'kDfJU8OLU0@example.com', '2023-11-27 23:25:31', '2023-11-27 23:25:31'),
(388432, 'WHzi0uixIH', 'LegalEntity', 'agpWLlnC7r@example.com', '2023-11-27 23:25:31', '2023-11-27 23:25:31'),
(388814, 'h0E8ijegt2', 'Individual', 'l9htdIo14i@example.com', '2023-11-27 23:25:31', '2023-11-27 23:25:31'),
(391889, 'YSxjrIWiJ9', 'Individual', '5e9mbOjJuA@example.com', '2023-11-27 23:25:30', '2023-11-27 23:25:30'),
(393290, 'Sot8Y3jGZj', 'Individual', 'iW4JSyQqx5@example.com', '2023-11-27 23:25:30', '2023-11-27 23:25:30'),
(399465, '3Ao18FD1EX', 'LegalEntity', 'IUb9iD4cEd@example.com', '2023-11-27 23:25:30', '2023-11-27 23:25:30'),
(399939, 'g5elSqpegB', 'Individual', 'g3hCtl9udV@example.com', '2023-11-27 23:25:30', '2023-11-27 23:25:30'),
(400349, '9g7ZuimHOH', 'LegalEntity', 'LhvtA5vvG0@example.com', '2023-11-27 23:25:31', '2023-11-27 23:25:31'),
(401918, 'LRbjDSxXIN', 'Individual', 'ont2bADRp6@example.com', '2023-11-27 23:25:30', '2023-11-27 23:25:30'),
(407265, 'bsHmEJryMm', 'LegalEntity', 'dpnYrNpdos@example.com', '2023-11-27 23:25:30', '2023-11-27 23:25:30'),
(411759, 'VszeaDcjrA', 'LegalEntity', 'Tpw9hrgOhu@example.com', '2023-11-27 23:25:30', '2023-11-27 23:25:30'),
(416179, '2isXpd8Mky', 'LegalEntity', 'EQ35S4RIOi@example.com', '2023-11-27 23:25:31', '2023-11-27 23:25:31'),
(418010, 'gDRSC2yJxM', 'Individual', '9P1yHRSI8i@example.com', '2023-11-27 23:25:31', '2023-11-27 23:25:31'),
(420542, 'EJA8o1hXGo', 'LegalEntity', '2bZ32mGDDj@example.com', '2023-11-27 23:25:31', '2023-11-27 23:25:31'),
(426276, '1hAaDnOhaD', 'Individual', 'X3pWGn9hQt@example.com', '2023-11-27 23:25:31', '2023-11-27 23:25:31'),
(427159, 'ZbgQ8y3j5c', 'LegalEntity', 'Yvauu7FiIb@example.com', '2023-11-27 23:25:30', '2023-11-27 23:25:30'),
(431529, 'VPKHO6sdwr', 'Individual', 'GBslGBMTtu@example.com', '2023-11-27 23:25:30', '2023-11-27 23:25:30'),
(436761, '9Y5l7n2dOw', 'Individual', 'Cq8y9zOBiV@example.com', '2023-11-27 23:25:31', '2023-11-27 23:25:31'),
(438502, 'Ty8PDFLTzn', 'Individual', 'oYGYuNqA0U@example.com', '2023-11-27 23:25:31', '2023-11-27 23:25:31'),
(442087, 'gKfjKsjlOJ', 'Individual', '1xSd7MHMH0@example.com', '2023-11-27 23:25:30', '2023-11-27 23:25:30'),
(442680, 'fJ3kjzFmBH', 'LegalEntity', 'GZf9KZ4RbF@example.com', '2023-11-27 23:25:30', '2023-11-27 23:25:30'),
(444264, 'UFFXQtORrH', 'LegalEntity', '6WcN8RnMId@example.com', '2023-11-27 23:25:30', '2023-11-27 23:25:30'),
(449443, 'FMipWDd4FW', 'Individual', 'CqgukS5EsG@example.com', '2023-11-27 23:25:30', '2023-11-27 23:25:30'),
(454092, 'witR0viUKg', 'Individual', 'Fc3N5E2Ojs@example.com', '2023-11-27 23:25:30', '2023-11-27 23:25:30'),
(463572, 'teJVCZ949A', 'Individual', 'xOEMuocjQH@example.com', '2023-11-27 23:25:30', '2023-11-27 23:25:30'),
(466137, 'gDz5YcM7V9', 'LegalEntity', 'VBbF8dAkci@example.com', '2023-11-27 23:25:31', '2023-11-27 23:25:31'),
(466234, 'eNYcb6vJ3u', 'LegalEntity', 'ib1dq9BJ35@example.com', '2023-11-27 23:25:30', '2023-11-27 23:25:30'),
(474373, 'X12jhcJ4pf', 'LegalEntity', 'AaMSq3FMLi@example.com', '2023-11-27 23:25:31', '2023-11-27 23:25:31'),
(475980, '7xVJGPgqgV', 'Individual', 'acMQ5y96hc@example.com', '2023-11-27 23:25:31', '2023-11-27 23:25:31'),
(475999, 'fUzbwyGuO0', 'LegalEntity', 'JXK0I5OTnv@example.com', '2023-11-27 23:25:31', '2023-11-27 23:25:31'),
(482624, 'rHamYOjpoK', 'LegalEntity', 'LDdAlxFaFs@example.com', '2023-11-27 23:25:31', '2023-11-27 23:25:31'),
(483832, 'ZTlDl2gKi9', 'LegalEntity', 'mnb2cHkRME@example.com', '2023-11-27 23:25:30', '2023-11-27 23:25:30'),
(488475, 'W0qWz3YLAo', 'LegalEntity', 'DafTsQJNti@example.com', '2023-11-27 23:25:31', '2023-11-27 23:25:31'),
(489245, 'C9Xniqoh9d', 'Individual', 'h3Otvi1oNp@example.com', '2023-11-27 23:25:31', '2023-11-27 23:25:31'),
(490201, '2emfqDPUKl', 'LegalEntity', 'D93ciXZB4g@example.com', '2023-11-27 23:25:31', '2023-11-27 23:25:31'),
(498059, 'fg6IACES3S', 'Individual', 'FotkI88pQW@example.com', '2023-11-27 23:25:31', '2023-11-27 23:25:31'),
(499704, 'UIEMXlqGfN', 'LegalEntity', 'sBDCBvB2ZS@example.com', '2023-11-27 23:25:31', '2023-11-27 23:25:31'),
(503739, 'VAukcH0Mee', 'LegalEntity', 'Ah0cdzgUP7@example.com', '2023-11-27 23:25:30', '2023-11-27 23:25:30'),
(510010, 'GtrUSHjm6s', 'LegalEntity', 'ldIL7WxXMw@example.com', '2023-11-27 23:25:30', '2023-11-27 23:25:30'),
(511900, 'FtxqhEKBuZ', 'Individual', 'XIeM8gVIJZ@example.com', '2023-11-27 23:25:31', '2023-11-27 23:25:31'),
(519937, 'Oii2S6bfXn', 'Individual', 'WM6ADRuJ0s@example.com', '2023-11-27 23:25:31', '2023-11-27 23:25:31'),
(525777, 'CF2qNua9sc', 'LegalEntity', 'OQG2iph7fY@example.com', '2023-11-27 23:25:30', '2023-11-27 23:25:30'),
(526481, 'SZhfCIpC5b', 'LegalEntity', 'k3IUuKa7QG@example.com', '2023-11-27 23:25:30', '2023-11-27 23:25:30'),
(527593, 'NFqGwlTf5w', 'LegalEntity', 'JOOxKiL8H1@example.com', '2023-11-27 23:25:30', '2023-11-27 23:25:30'),
(530146, 'HUuJrY1jUE', 'Individual', 'Gka1bHOqX4@example.com', '2023-11-27 23:25:30', '2023-11-27 23:25:30'),
(534486, 'IDGF8UF2eO', 'LegalEntity', 'pC2idyIZkS@example.com', '2023-11-27 23:25:30', '2023-11-27 23:25:30'),
(535073, 'ByUeEe6DS9', 'LegalEntity', 'wVVmChIaIu@example.com', '2023-11-27 23:25:30', '2023-11-27 23:25:30'),
(545135, 'sCTxYfwtUG', 'LegalEntity', '297exwVZCN@example.com', '2023-11-27 23:25:31', '2023-11-27 23:25:31'),
(545182, 'ejKukMJwGW', 'LegalEntity', 'hr4X8U3lYb@example.com', '2023-11-27 23:25:31', '2023-11-27 23:25:31'),
(551539, 'r1FwDFWXXg', 'Individual', '2TTZnDAYAJ@example.com', '2023-11-27 23:25:31', '2023-11-27 23:25:31'),
(564052, 'r00NIugqi4', 'LegalEntity', 'BSPIpBG9mq@example.com', '2023-11-27 23:25:30', '2023-11-27 23:25:30'),
(566400, 'jZCXUB7vMb', 'Individual', 'I9yhMlf9YB@example.com', '2023-11-27 23:25:31', '2023-11-27 23:25:31'),
(578833, 'IMjn83gzsV', 'Individual', '8V4UZMQSAB@example.com', '2023-11-27 23:25:31', '2023-11-27 23:25:31'),
(585365, '8NyRHylXDn', 'Individual', 'mrym8Ov06p@example.com', '2023-11-27 23:25:31', '2023-11-27 23:25:31'),
(587487, 'IcJQ6eGvZt', 'Individual', 'csFNNYKuOH@example.com', '2023-11-27 23:25:31', '2023-11-27 23:25:31'),
(588076, 'Xeuw0QXLm7', 'LegalEntity', 'pHlfAqOF0I@example.com', '2023-11-27 23:25:31', '2023-11-27 23:25:31'),
(588620, '4bujAjVQna', 'Individual', 'GLXkhoj34G@example.com', '2023-11-27 23:25:30', '2023-11-27 23:25:30'),
(588922, 'HGivuigxEC', 'LegalEntity', 'Se50qNYbyH@example.com', '2023-11-27 23:25:30', '2023-11-27 23:25:30'),
(594531, '6j5Jm2rurf', 'Individual', 'RtVRg3fXKo@example.com', '2023-11-27 23:25:31', '2023-11-27 23:25:31'),
(595756, 'm3fWehnVy0', 'Individual', 'PTSLH0C0qJ@example.com', '2023-11-27 23:25:31', '2023-11-27 23:25:31'),
(603405, 'nuzrI1Z71j', 'LegalEntity', 'OnVYjjodn7@example.com', '2023-11-27 23:25:31', '2023-11-27 23:25:31'),
(605964, 'MKbhoPePTN', 'LegalEntity', 'YzvJmS3jlY@example.com', '2023-11-27 23:25:31', '2023-11-27 23:25:31'),
(610219, 'qTRusxYWiw', 'Individual', 'sU1NJfewQW@example.com', '2023-11-27 23:25:30', '2023-11-27 23:25:30'),
(614249, 'Oqtq4JALt5', 'LegalEntity', 'fkIfXw4NZ0@example.com', '2023-11-27 23:25:31', '2023-11-27 23:25:31'),
(618928, 'IPDP8fn0Ld', 'LegalEntity', 'smFUU1Suq8@example.com', '2023-11-27 23:25:30', '2023-11-27 23:25:30'),
(620137, '6dAS8gm4q2', 'LegalEntity', 'JbBZfHb1he@example.com', '2023-11-27 23:25:30', '2023-11-27 23:25:30'),
(628639, 'rBSgzar8DD', 'Individual', 'vebKHwVWDU@example.com', '2023-11-27 23:25:30', '2023-11-27 23:25:30'),
(645596, 'zpmit0mXJD', 'LegalEntity', 'Hxl68Vs1m2@example.com', '2023-11-27 23:25:30', '2023-11-27 23:25:30'),
(645868, 'QQdGw3ZF0C', 'LegalEntity', 'JVxI04nqjS@example.com', '2023-11-27 23:25:30', '2023-11-27 23:25:30'),
(646588, 'NJ2VaMcU6f', 'Individual', '40QxdKeCtg@example.com', '2023-11-27 23:25:30', '2023-11-27 23:25:30'),
(650917, 'o7f21Y9jBU', 'LegalEntity', 'iJEPAsoL4m@example.com', '2023-11-27 23:25:31', '2023-11-27 23:25:31'),
(659379, 'OBn9mEuaTo', 'Individual', 'vCW2nhTu1x@example.com', '2023-11-27 23:25:30', '2023-11-27 23:25:30'),
(660364, 'YMoYRwWdt3', 'LegalEntity', 'j2SHQudxn9@example.com', '2023-11-27 23:25:30', '2023-11-27 23:25:30'),
(672799, 'wOOw1NZEV9', 'LegalEntity', 'RATzFkp03a@example.com', '2023-11-27 23:25:31', '2023-11-27 23:25:31'),
(673083, 'YyTZHu853T', 'LegalEntity', 'FN6qXAH25F@example.com', '2023-11-27 23:25:31', '2023-11-27 23:25:31'),
(677289, 'k8e23TRdDt', 'LegalEntity', 'YNKSxiA9Eh@example.com', '2023-11-27 23:25:30', '2023-11-27 23:25:30'),
(681539, 'yIF0d4ZgN9', 'LegalEntity', 'NyUkUdolNZ@example.com', '2023-11-27 23:25:30', '2023-11-27 23:25:30'),
(685888, 'AhQKIlxtac', 'Individual', 'TbUNPxY6gR@example.com', '2023-11-27 23:25:30', '2023-11-27 23:25:30'),
(687271, 'urHRyhgOxT', 'Individual', 'O1yM6bCHUx@example.com', '2023-11-27 23:25:31', '2023-11-27 23:25:31'),
(687812, 'cg5h9zQIhI', 'Individual', 'IfEVTKgIhT@example.com', '2023-11-27 23:25:31', '2023-11-27 23:25:31'),
(688956, 'j4nCYqqPN4', 'LegalEntity', '2mhtk4TvYe@example.com', '2023-11-27 23:25:31', '2023-11-27 23:25:31'),
(691722, '080pkplzKg', 'Individual', 'nynLJ3CL2h@example.com', '2023-11-27 23:25:30', '2023-11-27 23:25:30'),
(697043, 'BTfCjODbHG', 'LegalEntity', 'G2h7w633BR@example.com', '2023-11-27 23:25:31', '2023-11-27 23:25:31'),
(708035, 'ZmFJYDezAo', 'LegalEntity', 'zECRnl9Hdr@example.com', '2023-11-27 23:25:30', '2023-11-27 23:25:30'),
(711485, 'um7EiuPlxe', 'Individual', 'l1GjODeEUG@example.com', '2023-11-27 23:25:31', '2023-11-27 23:25:31'),
(712199, 'd5ma4rdVlm', 'LegalEntity', 'j8X2dZlyBY@example.com', '2023-11-27 23:25:31', '2023-11-27 23:25:31'),
(716369, 'Xq7KyhXtjy', 'LegalEntity', 'p159OsWXU5@example.com', '2023-11-27 23:25:30', '2023-11-27 23:25:30'),
(716377, 'WF7qeELyX1', 'Individual', '5BRgEHrxKm@example.com', '2023-11-27 23:25:30', '2023-11-27 23:25:30'),
(719723, '03RWZVkiPg', 'Individual', 'ayJe36APqU@example.com', '2023-11-27 23:25:30', '2023-11-27 23:25:30'),
(725269, 'XfrzAz1wut', 'Individual', 'DA2eA4bIhN@example.com', '2023-11-27 23:25:30', '2023-11-27 23:25:30'),
(725791, 'PFhjXbMmH8', 'Individual', 'rIfnBv91O7@example.com', '2023-11-27 23:25:31', '2023-11-27 23:25:31'),
(728932, 'crZPHZn4EQ', 'LegalEntity', '7zpU5TwsGm@example.com', '2023-11-27 23:25:30', '2023-11-27 23:25:30'),
(734611, '6ouKfBcG1f', 'LegalEntity', '0vaq7Jhs9k@example.com', '2023-11-27 23:25:30', '2023-11-27 23:25:30'),
(741594, 'MkQTzsXL7r', 'LegalEntity', 'DYqk1iJnbx@example.com', '2023-11-27 23:25:31', '2023-11-27 23:25:31'),
(749208, '7Gw8Hzjny6', 'Individual', 'AJOoYN73jV@example.com', '2023-11-27 23:25:30', '2023-11-27 23:25:30'),
(756521, 'CpUtnogyWV', 'LegalEntity', 'OFwaOyVn3Z@example.com', '2023-11-27 23:25:30', '2023-11-27 23:25:30'),
(763444, 'zLtD5I5TlN', 'LegalEntity', 'DKV8iPxR3c@example.com', '2023-11-27 23:25:30', '2023-11-27 23:25:30'),
(765469, 'PQfLkr3Umx', 'Individual', 'f4nKjgWKDX@example.com', '2023-11-27 23:25:31', '2023-11-27 23:25:31'),
(775327, '2qmtcRm4XF', 'LegalEntity', 'kqkGpNEy4c@example.com', '2023-11-27 23:25:31', '2023-11-27 23:25:31'),
(780082, '9P9zCdlp6L', 'LegalEntity', '2WgYkwsEy5@example.com', '2023-11-27 23:25:30', '2023-11-27 23:25:30'),
(782909, 'm4zd2SjAjv', 'Individual', '7L96vYBbQY@example.com', '2023-11-27 23:25:30', '2023-11-27 23:25:30'),
(788999, 'RbSuTkMkYy', 'Individual', 'nMqCgIXKx4@example.com', '2023-11-27 23:25:31', '2023-11-27 23:25:31'),
(795649, '48JZrDBj8X', 'Individual', 'arturseU1U@example.com', '2023-11-27 23:25:30', '2023-11-27 23:25:30'),
(803308, 'w60G6d6gL6', 'LegalEntity', 'fr9lJqdmkk@example.com', '2023-11-27 23:25:31', '2023-11-27 23:25:31'),
(814023, 'LJCG1qAPDs', 'Individual', 'alToCeoz1m@example.com', '2023-11-27 23:25:30', '2023-11-27 23:25:30'),
(818810, 'o6ABNJz0XI', 'Individual', 'J12ttgeR1u@example.com', '2023-11-27 23:25:31', '2023-11-27 23:25:31'),
(830238, '9HiuP4fkMe', 'Individual', 'jOf36DX5HI@example.com', '2023-11-27 23:25:30', '2023-11-27 23:25:30'),
(853597, '01vKWGkjnT', 'LegalEntity', 'YB8zcQvFan@example.com', '2023-11-27 23:25:30', '2023-11-27 23:25:30'),
(856955, 'fh502HJwXT', 'Individual', '0xS3PQQRg5@example.com', '2023-11-27 23:25:30', '2023-11-27 23:25:30'),
(858692, 'y6D8IPyNCr', 'LegalEntity', 'teCgUMpvKi@example.com', '2023-11-27 23:25:30', '2023-11-27 23:25:30'),
(859556, 'WlFiCPBDkk', 'Individual', 'ipQegHB7ae@example.com', '2023-11-27 23:25:31', '2023-11-27 23:25:31'),
(860645, 'KKlDnVD1XI', 'Individual', 'FbEKem4bwy@example.com', '2023-11-27 23:25:30', '2023-11-27 23:25:30'),
(860728, 'SUiJIeT2SO', 'LegalEntity', 'ZjgQwpTM8B@example.com', '2023-11-27 23:25:31', '2023-11-27 23:25:31'),
(865914, 'bRhlrW75Le', 'LegalEntity', 'z38GMo6DiJ@example.com', '2023-11-27 23:25:30', '2023-11-27 23:25:30'),
(868173, 'kixMBKC4r6', 'Individual', 'aTx7u77WrE@example.com', '2023-11-27 23:25:31', '2023-11-27 23:25:31'),
(870764, 'WglwND48KZ', 'LegalEntity', 's5xZOHN8zo@example.com', '2023-11-27 23:25:30', '2023-11-27 23:25:30'),
(873969, 'avyj7Znj9x', 'LegalEntity', 'F8nTdrtMR1@example.com', '2023-11-27 23:25:31', '2023-11-27 23:25:31'),
(877832, 'AK81NEKHs6', 'LegalEntity', '7Tgno3KF3U@example.com', '2023-11-27 23:25:31', '2023-11-27 23:25:31'),
(878248, 'S8W27WCgoq', 'Individual', 'KBzxMa4R4D@example.com', '2023-11-27 23:25:30', '2023-11-27 23:25:30'),
(883848, 'uCpNnsZp4Y', 'Individual', 'EbPekkPrgB@example.com', '2023-11-27 23:25:30', '2023-11-27 23:25:30'),
(887322, 'i8UYKYwMfz', 'Individual', 'yxWmrKzEec@example.com', '2023-11-27 23:25:31', '2023-11-27 23:25:31'),
(888646, 'TYRGU8gCfX', 'Individual', 'FogHOpt3jb@example.com', '2023-11-27 23:25:31', '2023-11-27 23:25:31'),
(889251, 'yXdotQ74mn', 'LegalEntity', 'deYQxqHtZ6@example.com', '2023-11-27 23:25:30', '2023-11-27 23:25:30'),
(894603, 'nDRj2Uy4qE', 'Individual', 'GPs8Tun2qk@example.com', '2023-11-27 23:25:31', '2023-11-27 23:25:31'),
(900491, 'PToTlsbGFI', 'LegalEntity', 'yggxwVcT7Y@example.com', '2023-11-27 23:25:31', '2023-11-27 23:25:31'),
(906182, 'Akoekn1Urx', 'Individual', '8XKzSKCHfU@example.com', '2023-11-27 23:25:30', '2023-11-27 23:25:30'),
(913291, 'pUfZtm3eAJ', 'LegalEntity', 'kfzhecApcY@example.com', '2023-11-27 23:25:30', '2023-11-27 23:25:30'),
(913484, 'w9p67pXUXe', 'Individual', 'SstCobUVD1@example.com', '2023-11-27 23:25:31', '2023-11-27 23:25:31'),
(923990, 'br3HCtjjrP', 'Individual', 'G7C5Er8fSP@example.com', '2023-11-27 23:25:30', '2023-11-27 23:25:30'),
(924235, 'vRJH83DL9N', 'LegalEntity', 'C2oGjOmymd@example.com', '2023-11-27 23:25:31', '2023-11-27 23:25:31'),
(938451, 'YQ31r9MZOS', 'LegalEntity', 'QmZO8BbgE8@example.com', '2023-11-27 23:25:31', '2023-11-27 23:25:31'),
(950479, 'bNUv8sLFcv', 'Individual', '8Ykc7K5Eda@example.com', '2023-11-27 23:25:30', '2023-11-27 23:25:30'),
(958789, 'yhusNZyfyR', 'Individual', 'Dafu68QSDk@example.com', '2023-11-27 23:25:30', '2023-11-27 23:25:30'),
(964737, 'RLa9fkrMP8', 'Individual', 'v5Nsu9ads7@example.com', '2023-11-27 23:25:31', '2023-11-27 23:25:31'),
(966953, 'GswkxGVKRK', 'LegalEntity', 'jPEc313AZQ@example.com', '2023-11-27 23:25:31', '2023-11-27 23:25:31'),
(972157, 'xMmEPem2bA', 'LegalEntity', '1E4P63AHiI@example.com', '2023-11-27 23:25:31', '2023-11-27 23:25:31'),
(974865, 'M30rSfOgkk', 'Individual', 'YaslxXiZFe@example.com', '2023-11-27 23:25:31', '2023-11-27 23:25:31'),
(978954, 'HShv0QSdJu', 'Individual', 'q3IlOjhweu@example.com', '2023-11-27 23:25:30', '2023-11-27 23:25:30'),
(979247, 'hWfi9RxhMP', 'LegalEntity', 'bolS6q47J6@example.com', '2023-11-27 23:25:31', '2023-11-27 23:25:31'),
(980303, 'uXjR8Qp77L', 'Individual', 'AT3JfpZVR3@example.com', '2023-11-27 23:25:30', '2023-11-27 23:25:30'),
(981483, '7JRcIqtdz6', 'Individual', 'FcnEMQQEHO@example.com', '2023-11-27 23:25:30', '2023-11-27 23:25:30'),
(981484, 'Azhr22', 'legal Entity22', 'azhr@gmail.com22', '2023-11-28 21:26:04', '2023-11-28 21:26:04'),
(981485, 'Azhr', 'legal Entity', 'azhr@gmail.com', '2023-11-28 21:26:36', '2023-11-28 21:26:36'),
(981486, 'Azhr1', 'legal Entity24', 'azhr@gmail.com1', '2023-11-28 21:30:39', '2023-11-28 21:30:39'),
(981487, 'Azhr1', 'legal Entity24', 'azhr@gmail.com1', '2023-11-28 21:31:17', '2023-11-28 21:31:17');

-- --------------------------------------------------------

--
-- Table structure for table `clients__transactions`
--

CREATE TABLE `clients__transactions` (
  `id` bigint(20) UNSIGNED NOT NULL,
  `ClientTR_ID` bigint(20) UNSIGNED NOT NULL,
  `TransCL_ID` bigint(20) UNSIGNED NOT NULL,
  `created_at` timestamp NULL DEFAULT NULL,
  `updated_at` timestamp NULL DEFAULT NULL
) ENGINE=InnoDB DEFAULT CHARSET=utf8mb4 COLLATE=utf8mb4_unicode_ci;

--
-- Dumping data for table `clients__transactions`
--

INSERT INTO `clients__transactions` (`id`, `ClientTR_ID`, `TransCL_ID`, `created_at`, `updated_at`) VALUES
(1, 645868, 968703, '2023-11-27 23:27:42', '2023-11-27 23:27:42'),
(2, 420542, 324552, '2023-11-27 23:27:42', '2023-11-27 23:27:42'),
(3, 129171, 141764, '2023-11-27 23:27:42', '2023-11-27 23:27:42'),
(4, 341357, 944165, '2023-11-27 23:27:42', '2023-11-27 23:27:42'),
(5, 585365, 263426, '2023-11-27 23:27:42', '2023-11-27 23:27:42'),
(6, 290031, 253311, '2023-11-27 23:27:42', '2023-11-27 23:27:42'),
(7, 277026, 791025, '2023-11-27 23:27:43', '2023-11-27 23:27:43'),
(8, 94685, 806507, '2023-11-27 23:27:43', '2023-11-27 23:27:43'),
(9, 79135, 733018, '2023-11-27 23:27:43', '2023-11-27 23:27:43'),
(10, 482624, 148181, '2023-11-27 23:27:43', '2023-11-27 23:27:43'),
(11, 510010, 939523, '2023-11-27 23:27:43', '2023-11-27 23:27:43'),
(12, 913484, 578259, '2023-11-27 23:27:43', '2023-11-27 23:27:43'),
(13, 974865, 535051, '2023-11-27 23:27:43', '2023-11-27 23:27:43'),
(14, 367348, 988040, '2023-11-27 23:27:43', '2023-11-27 23:27:43'),
(15, 708035, 164511, '2023-11-27 23:27:43', '2023-11-27 23:27:43'),
(16, 888646, 86907, '2023-11-27 23:27:43', '2023-11-27 23:27:43'),
(17, 853597, 67640, '2023-11-27 23:27:43', '2023-11-27 23:27:43'),
(18, 525777, 357929, '2023-11-27 23:27:43', '2023-11-27 23:27:43'),
(19, 510010, 636820, '2023-11-27 23:27:43', '2023-11-27 23:27:43'),
(20, 228038, 139056, '2023-11-27 23:27:43', '2023-11-27 23:27:43'),
(21, 351469, 356840, '2023-11-27 23:27:43', '2023-11-27 23:27:43'),
(22, 888646, 800237, '2023-11-27 23:27:43', '2023-11-27 23:27:43'),
(23, 129171, 483870, '2023-11-27 23:27:43', '2023-11-27 23:27:43'),
(24, 578833, 320268, '2023-11-27 23:27:43', '2023-11-27 23:27:43'),
(25, 860728, 233780, '2023-11-27 23:27:43', '2023-11-27 23:27:43'),
(26, 217681, 415130, '2023-11-27 23:27:43', '2023-11-27 23:27:43'),
(27, 765469, 191168, '2023-11-27 23:27:43', '2023-11-27 23:27:43'),
(28, 499704, 589577, '2023-11-27 23:27:43', '2023-11-27 23:27:43'),
(29, 52879, 800819, '2023-11-27 23:27:43', '2023-11-27 23:27:43'),
(30, 588620, 93607, '2023-11-27 23:27:43', '2023-11-27 23:27:43'),
(31, 266377, 155697, '2023-11-27 23:27:43', '2023-11-27 23:27:43'),
(32, 367038, 823213, '2023-11-27 23:27:43', '2023-11-27 23:27:43'),
(33, 980303, 878815, '2023-11-27 23:27:43', '2023-11-27 23:27:43'),
(34, 519937, 97975, '2023-11-27 23:27:43', '2023-11-27 23:27:43'),
(35, 499704, 136212, '2023-11-27 23:27:43', '2023-11-27 23:27:43'),
(36, 217681, 875461, '2023-11-27 23:27:43', '2023-11-27 23:27:43'),
(37, 426276, 50866, '2023-11-27 23:27:43', '2023-11-27 23:27:43'),
(38, 98098, 572972, '2023-11-27 23:27:43', '2023-11-27 23:27:43'),
(39, 883848, 863957, '2023-11-27 23:27:43', '2023-11-27 23:27:43'),
(40, 981483, 237271, '2023-11-27 23:27:43', '2023-11-27 23:27:43'),
(41, 155503, 699424, '2023-11-27 23:27:43', '2023-11-27 23:27:43'),
(42, 756521, 61621, '2023-11-27 23:27:43', '2023-11-27 23:27:43'),
(43, 284924, 621916, '2023-11-27 23:27:43', '2023-11-27 23:27:43'),
(44, 566400, 280219, '2023-11-27 23:27:43', '2023-11-27 23:27:43'),
(45, 535073, 426533, '2023-11-27 23:27:43', '2023-11-27 23:27:43'),
(46, 173136, 999461, '2023-11-27 23:27:43', '2023-11-27 23:27:43'),
(47, 475999, 672937, '2023-11-27 23:27:43', '2023-11-27 23:27:43'),
(48, 499704, 206356, '2023-11-27 23:27:43', '2023-11-27 23:27:43'),
(49, 856955, 948430, '2023-11-27 23:27:43', '2023-11-27 23:27:43'),
(50, 853597, 713329, '2023-11-27 23:27:43', '2023-11-27 23:27:43'),
(51, 938451, 617390, '2023-11-27 23:27:43', '2023-11-27 23:27:43'),
(52, 280597, 850606, '2023-11-27 23:27:43', '2023-11-27 23:27:43'),
(53, 178101, 103065, '2023-11-27 23:27:43', '2023-11-27 23:27:43'),
(54, 268950, 945421, '2023-11-27 23:27:43', '2023-11-27 23:27:43'),
(55, 341357, 512204, '2023-11-27 23:27:43', '2023-11-27 23:27:43'),
(56, 155462, 330411, '2023-11-27 23:27:43', '2023-11-27 23:27:43'),
(57, 332830, 537386, '2023-11-27 23:27:43', '2023-11-27 23:27:43'),
(58, 142093, 489226, '2023-11-27 23:27:43', '2023-11-27 23:27:43'),
(59, 141204, 710175, '2023-11-27 23:27:43', '2023-11-27 23:27:43'),
(60, 312306, 684515, '2023-11-27 23:27:43', '2023-11-27 23:27:43'),
(61, 94685, 403065, '2023-11-27 23:27:44', '2023-11-27 23:27:44'),
(62, 380445, 142366, '2023-11-27 23:27:44', '2023-11-27 23:27:44'),
(63, 578833, 130089, '2023-11-27 23:27:44', '2023-11-27 23:27:44'),
(64, 894603, 664948, '2023-11-27 23:27:44', '2023-11-27 23:27:44'),
(65, 10131, 964910, '2023-11-27 23:27:44', '2023-11-27 23:27:44'),
(66, 164674, 265608, '2023-11-27 23:27:44', '2023-11-27 23:27:44'),
(67, 289555, 262104, '2023-11-27 23:27:44', '2023-11-27 23:27:44'),
(68, 367348, 38393, '2023-11-27 23:27:44', '2023-11-27 23:27:44'),
(69, 315552, 265022, '2023-11-27 23:27:44', '2023-11-27 23:27:44'),
(70, 734611, 189723, '2023-11-27 23:27:44', '2023-11-27 23:27:44'),
(71, 442087, 797683, '2023-11-27 23:27:44', '2023-11-27 23:27:44'),
(72, 215008, 102738, '2023-11-27 23:27:44', '2023-11-27 23:27:44'),
(73, 308347, 359227, '2023-11-27 23:27:44', '2023-11-27 23:27:44'),
(74, 474373, 950585, '2023-11-27 23:27:44', '2023-11-27 23:27:44'),
(75, 144167, 261167, '2023-11-27 23:27:44', '2023-11-27 23:27:44'),
(76, 913484, 758856, '2023-11-27 23:27:44', '2023-11-27 23:27:44'),
(77, 308347, 347219, '2023-11-27 23:27:44', '2023-11-27 23:27:44'),
(78, 958789, 509694, '2023-11-27 23:27:44', '2023-11-27 23:27:44'),
(79, 900491, 869505, '2023-11-27 23:27:44', '2023-11-27 23:27:44'),
(80, 371216, 377129, '2023-11-27 23:27:44', '2023-11-27 23:27:44'),
(81, 25605, 318408, '2023-11-27 23:27:44', '2023-11-27 23:27:44'),
(82, 883848, 377623, '2023-11-27 23:27:44', '2023-11-27 23:27:44'),
(83, 966953, 770175, '2023-11-27 23:27:44', '2023-11-27 23:27:44'),
(84, 566400, 701674, '2023-11-27 23:27:44', '2023-11-27 23:27:44'),
(85, 151671, 56466, '2023-11-27 23:27:44', '2023-11-27 23:27:44'),
(86, 830238, 782279, '2023-11-27 23:27:44', '2023-11-27 23:27:44'),
(87, 889251, 279989, '2023-11-27 23:27:44', '2023-11-27 23:27:44'),
(88, 284924, 135463, '2023-11-27 23:27:44', '2023-11-27 23:27:44'),
(89, 186446, 83756, '2023-11-27 23:27:44', '2023-11-27 23:27:44'),
(90, 152597, 472874, '2023-11-27 23:27:44', '2023-11-27 23:27:44'),
(91, 45106, 392160, '2023-11-27 23:27:44', '2023-11-27 23:27:44'),
(92, 41277, 60096, '2023-11-27 23:27:44', '2023-11-27 23:27:44'),
(93, 865914, 318065, '2023-11-27 23:27:44', '2023-11-27 23:27:44'),
(94, 174145, 737420, '2023-11-27 23:27:44', '2023-11-27 23:27:44'),
(95, 234782, 330537, '2023-11-27 23:27:44', '2023-11-27 23:27:44'),
(96, 45106, 455248, '2023-11-27 23:27:44', '2023-11-27 23:27:44'),
(97, 356054, 183814, '2023-11-27 23:27:44', '2023-11-27 23:27:44'),
(98, 716369, 254463, '2023-11-27 23:27:44', '2023-11-27 23:27:44'),
(99, 407265, 956003, '2023-11-27 23:27:44', '2023-11-27 23:27:44'),
(100, 711485, 392084, '2023-11-27 23:27:44', '2023-11-27 23:27:44'),
(101, 482624, 760611, '2023-11-27 23:27:44', '2023-11-27 23:27:44'),
(102, 347330, 806383, '2023-11-27 23:27:44', '2023-11-27 23:27:44'),
(103, 426276, 119915, '2023-11-27 23:27:44', '2023-11-27 23:27:44'),
(104, 32612, 274995, '2023-11-27 23:27:44', '2023-11-27 23:27:44'),
(105, 488475, 608734, '2023-11-27 23:27:44', '2023-11-27 23:27:44'),
(106, 248910, 32677, '2023-11-27 23:27:44', '2023-11-27 23:27:44'),
(107, 887322, 32908, '2023-11-27 23:27:44', '2023-11-27 23:27:44'),
(108, 883848, 574861, '2023-11-27 23:27:44', '2023-11-27 23:27:44'),
(109, 154993, 187138, '2023-11-27 23:27:44', '2023-11-27 23:27:44'),
(110, 578833, 377173, '2023-11-27 23:27:44', '2023-11-27 23:27:44'),
(111, 217681, 633505, '2023-11-27 23:27:45', '2023-11-27 23:27:45'),
(112, 152917, 287160, '2023-11-27 23:27:45', '2023-11-27 23:27:45'),
(113, 980303, 682002, '2023-11-27 23:27:45', '2023-11-27 23:27:45'),
(114, 79135, 856510, '2023-11-27 23:27:45', '2023-11-27 23:27:45'),
(115, 763444, 838046, '2023-11-27 23:27:45', '2023-11-27 23:27:45'),
(116, 980303, 856159, '2023-11-27 23:27:45', '2023-11-27 23:27:45'),
(117, 603405, 942397, '2023-11-27 23:27:45', '2023-11-27 23:27:45'),
(118, 803308, 777552, '2023-11-27 23:27:45', '2023-11-27 23:27:45'),
(119, 107379, 437117, '2023-11-27 23:27:45', '2023-11-27 23:27:45'),
(120, 141204, 29273, '2023-11-27 23:27:45', '2023-11-27 23:27:45'),
(121, 388814, 797712, '2023-11-27 23:27:45', '2023-11-27 23:27:45'),
(122, 305220, 526784, '2023-11-27 23:27:45', '2023-11-27 23:27:45'),
(123, 362677, 328154, '2023-11-27 23:27:45', '2023-11-27 23:27:45'),
(124, 337208, 156038, '2023-11-27 23:27:45', '2023-11-27 23:27:45'),
(125, 151671, 338126, '2023-11-27 23:27:45', '2023-11-27 23:27:45'),
(126, 178101, 70546, '2023-11-27 23:27:45', '2023-11-27 23:27:45'),
(127, 614249, 189160, '2023-11-27 23:27:45', '2023-11-27 23:27:45'),
(128, 980303, 43567, '2023-11-27 23:27:45', '2023-11-27 23:27:45'),
(129, 708035, 268384, '2023-11-27 23:27:45', '2023-11-27 23:27:45'),
(130, 887322, 969123, '2023-11-27 23:27:45', '2023-11-27 23:27:45'),
(131, 411759, 499085, '2023-11-27 23:27:45', '2023-11-27 23:27:45'),
(132, 442680, 184177, '2023-11-27 23:27:45', '2023-11-27 23:27:45'),
(133, 407265, 123387, '2023-11-27 23:27:45', '2023-11-27 23:27:45'),
(134, 685888, 868261, '2023-11-27 23:27:45', '2023-11-27 23:27:45'),
(135, 979247, 947579, '2023-11-27 23:27:45', '2023-11-27 23:27:45'),
(136, 154993, 372635, '2023-11-27 23:27:45', '2023-11-27 23:27:45'),
(137, 351469, 988624, '2023-11-27 23:27:45', '2023-11-27 23:27:45'),
(138, 756521, 99574, '2023-11-27 23:27:45', '2023-11-27 23:27:45'),
(139, 526481, 749595, '2023-11-27 23:27:45', '2023-11-27 23:27:45'),
(140, 782909, 322790, '2023-11-27 23:27:45', '2023-11-27 23:27:45'),
(141, 43964, 952295, '2023-11-27 23:27:45', '2023-11-27 23:27:45'),
(142, 972157, 822196, '2023-11-27 23:27:45', '2023-11-27 23:27:45'),
(143, 526481, 907209, '2023-11-27 23:27:45', '2023-11-27 23:27:45'),
(144, 242066, 649576, '2023-11-27 23:27:45', '2023-11-27 23:27:45'),
(145, 618928, 467186, '2023-11-27 23:27:45', '2023-11-27 23:27:45'),
(146, 687271, 112621, '2023-11-27 23:27:45', '2023-11-27 23:27:45'),
(147, 628639, 756125, '2023-11-27 23:27:45', '2023-11-27 23:27:45'),
(148, 535073, 610021, '2023-11-27 23:27:45', '2023-11-27 23:27:45'),
(149, 438502, 673430, '2023-11-27 23:27:45', '2023-11-27 23:27:45'),
(150, 217681, 896951, '2023-11-27 23:27:45', '2023-11-27 23:27:45');

-- --------------------------------------------------------

--
-- Table structure for table `failed_jobs`
--

CREATE TABLE `failed_jobs` (
  `id` bigint(20) UNSIGNED NOT NULL,
  `uuid` varchar(255) NOT NULL,
  `connection` text NOT NULL,
  `queue` text NOT NULL,
  `payload` longtext NOT NULL,
  `exception` longtext NOT NULL,
  `failed_at` timestamp NOT NULL DEFAULT current_timestamp()
) ENGINE=InnoDB DEFAULT CHARSET=utf8mb4 COLLATE=utf8mb4_unicode_ci;

-- --------------------------------------------------------

--
-- Table structure for table `migrations`
--

CREATE TABLE `migrations` (
  `id` int(10) UNSIGNED NOT NULL,
  `migration` varchar(255) NOT NULL,
  `batch` int(11) NOT NULL
) ENGINE=InnoDB DEFAULT CHARSET=utf8mb4 COLLATE=utf8mb4_unicode_ci;

--
-- Dumping data for table `migrations`
--

INSERT INTO `migrations` (`id`, `migration`, `batch`) VALUES
(17, '2014_10_12_000000_create_users_table', 1),
(18, '2014_10_12_100000_create_password_reset_tokens_table', 1),
(19, '2019_08_19_000000_create_failed_jobs_table', 1),
(20, '2019_12_14_000001_create_personal_access_tokens_table', 1),
(21, '2023_11_27_234949_create_clients_table', 1),
(22, '2023_11_27_235132_create_transactions_table', 1),
(23, '2023_11_27_235148_create_objects_table', 1),
(24, '2023_11_27_235351_create_objects__transactions_table', 1),
(25, '2023_11_27_235408_create_clients__transactions_table', 1);

-- --------------------------------------------------------

--
-- Table structure for table `objects`
--

CREATE TABLE `objects` (
  `ObjectID` bigint(20) UNSIGNED NOT NULL,
  `ObjectName` varchar(255) NOT NULL,
  `ObjectPrice` varchar(255) NOT NULL,
  `objectType` varchar(255) NOT NULL,
  `created_at` timestamp NULL DEFAULT NULL,
  `updated_at` timestamp NULL DEFAULT NULL
) ENGINE=InnoDB DEFAULT CHARSET=utf8mb4 COLLATE=utf8mb4_unicode_ci;

--
-- Dumping data for table `objects`
--

INSERT INTO `objects` (`ObjectID`, `ObjectName`, `ObjectPrice`, `objectType`, `created_at`, `updated_at`) VALUES
(12423, 'bIDJvioaIA', '299', 'Super Markit', '2023-11-27 23:25:59', '2023-11-27 23:25:59'),
(16447, '56uu5UYqQK', '633', 'Home', '2023-11-27 23:25:58', '2023-11-27 23:25:58'),
(28443, 'KATn8RiopT', '430', 'Super Markit', '2023-11-27 23:25:59', '2023-11-27 23:25:59'),
(30975, 'CfLpiG1cUk', '575', 'Apartment', '2023-11-27 23:25:59', '2023-11-27 23:25:59'),
(31082, 'vwgpcFGeA2', '321', 'Home', '2023-11-27 23:25:59', '2023-11-27 23:25:59'),
(38671, 'mTrLZMyeUk', '7', 'Super Markit', '2023-11-27 23:25:58', '2023-11-27 23:25:58'),
(49051, '5M98aHZAwi', '270', 'Super Markit', '2023-11-27 23:25:58', '2023-11-27 23:25:58'),
(64540, 'Z0f7hQd3Wm', '157', 'Apartment', '2023-11-27 23:25:58', '2023-11-27 23:25:58'),
(68487, '6iuNifboDH', '235', 'Home', '2023-11-27 23:25:59', '2023-11-27 23:25:59'),
(74150, 'DVUF0FfIwc', '991', 'Apartment', '2023-11-27 23:25:59', '2023-11-27 23:25:59'),
(75115, 'i5sDrKBnxy', '651', 'Home', '2023-11-27 23:25:59', '2023-11-27 23:25:59'),
(75462, 'CFmXiS3Ozj', '623', 'Apartment', '2023-11-27 23:25:58', '2023-11-27 23:25:58'),
(80934, '3QFn7lMLB3', '46', 'Super Markit', '2023-11-27 23:25:58', '2023-11-27 23:25:58'),
(85479, '8793aLCGJz', '671', 'Super Markit', '2023-11-27 23:25:59', '2023-11-27 23:25:59'),
(86207, '0liCECgYkY', '571', 'Home', '2023-11-27 23:25:59', '2023-11-27 23:25:59'),
(89091, 'JMfggsPPOn', '805', 'Super Markit', '2023-11-27 23:25:59', '2023-11-27 23:25:59'),
(93035, 'j5nJMwGzni', '805', 'Apartment', '2023-11-27 23:25:59', '2023-11-27 23:25:59'),
(104163, 'hv7rf2vF9i', '127', 'Home', '2023-11-27 23:25:59', '2023-11-27 23:25:59'),
(108006, 'guqBfLgFIK', '573', 'Super Markit', '2023-11-27 23:25:58', '2023-11-27 23:25:58'),
(108804, '8VAQaum6iw', '597', 'Super Markit', '2023-11-27 23:25:58', '2023-11-27 23:25:58'),
(112912, 'H14SAr8Qyb', '659', 'Home', '2023-11-27 23:25:59', '2023-11-27 23:25:59'),
(117516, '7XbiZUrrO9', '696', 'Home', '2023-11-27 23:25:59', '2023-11-27 23:25:59'),
(125516, '2M5znGNb0o', '381', 'Super Markit', '2023-11-27 23:25:59', '2023-11-27 23:25:59'),
(132901, '6kyooVtAV9', '900', 'Home', '2023-11-27 23:25:59', '2023-11-27 23:25:59'),
(135154, 'UUwTo50DmY', '414', 'Apartment', '2023-11-27 23:25:59', '2023-11-27 23:25:59'),
(135615, 'FxyqeYrCXA', '333', 'Super Markit', '2023-11-27 23:25:59', '2023-11-27 23:25:59'),
(144184, 'j4qrnG10Gc', '881', 'Super Markit', '2023-11-27 23:25:59', '2023-11-27 23:25:59'),
(154817, '1975wau2UN', '65', 'Home', '2023-11-27 23:25:59', '2023-11-27 23:25:59'),
(155695, 'HHIFgYIStB', '584', 'Apartment', '2023-11-27 23:25:58', '2023-11-27 23:25:58'),
(162965, 'KbUzWJi75K', '402', 'Super Markit', '2023-11-27 23:25:58', '2023-11-27 23:25:58'),
(167652, 'nDPn4FF1Xl', '417', 'Apartment', '2023-11-27 23:25:59', '2023-11-27 23:25:59'),
(169077, 'KsYDdhPVGm', '826', 'Super Markit', '2023-11-27 23:25:59', '2023-11-27 23:25:59'),
(174326, '02QtoNZxSE', '517', 'Home', '2023-11-27 23:25:59', '2023-11-27 23:25:59'),
(174612, '5ueDiYaeGx', '855', 'Apartment', '2023-11-27 23:25:59', '2023-11-27 23:25:59'),
(182797, '4sQ9ovzCd3', '292', 'Home', '2023-11-27 23:25:59', '2023-11-27 23:25:59'),
(185129, 'vJVfRXwCZE', '903', 'Home', '2023-11-27 23:25:59', '2023-11-27 23:25:59'),
(192629, 'FoX8OEO0WX', '245', 'Apartment', '2023-11-27 23:25:59', '2023-11-27 23:25:59'),
(193424, 'Dpe0V46hgv', '188', 'Super Markit', '2023-11-27 23:25:59', '2023-11-27 23:25:59'),
(193767, 'BS1t35KfMV', '339', 'Home', '2023-11-27 23:25:59', '2023-11-27 23:25:59'),
(200064, 'msX9YrUz5t', '952', 'Home', '2023-11-27 23:25:58', '2023-11-27 23:25:58'),
(202860, 'kIYPHqh1Yo', '742', 'Super Markit', '2023-11-27 23:25:59', '2023-11-27 23:25:59'),
(204607, 'PVV0sD1Qix', '556', 'Super Markit', '2023-11-27 23:25:59', '2023-11-27 23:25:59'),
(208109, 'zeZBVSyx6c', '104', 'Apartment', '2023-11-27 23:25:59', '2023-11-27 23:25:59'),
(210662, 'HQjorniAxo', '370', 'Super Markit', '2023-11-27 23:25:59', '2023-11-27 23:25:59'),
(214992, 'lGdeRa6ZCx', '303', 'Apartment', '2023-11-27 23:25:59', '2023-11-27 23:25:59'),
(217370, 'PprUdlDtGF', '10', 'Apartment', '2023-11-27 23:25:59', '2023-11-27 23:25:59'),
(219112, 'njv4k0WHsq', '705', 'Home', '2023-11-27 23:25:58', '2023-11-27 23:25:58'),
(221468, 'tad0UlKu2h', '52', 'Home', '2023-11-27 23:25:59', '2023-11-27 23:25:59'),
(222641, 'Zfc2Y3OphX', '199', 'Home', '2023-11-27 23:25:59', '2023-11-27 23:25:59'),
(224930, 'fMDNsdjYfv', '58', 'Apartment', '2023-11-27 23:25:59', '2023-11-27 23:25:59'),
(225591, 'hxlAIHdfsZ', '765', 'Super Markit', '2023-11-27 23:25:59', '2023-11-27 23:25:59'),
(226396, 'OsHx7n0JLE', '908', 'Home', '2023-11-27 23:25:58', '2023-11-27 23:25:58'),
(234844, 'gs3L0B8VX9', '781', 'Apartment', '2023-11-27 23:25:59', '2023-11-27 23:25:59'),
(236191, 'bO69jYZEe0', '539', 'Home', '2023-11-27 23:25:58', '2023-11-27 23:25:58'),
(236658, 'Jc3aSrDrBU', '873', 'Home', '2023-11-27 23:25:58', '2023-11-27 23:25:58'),
(242888, 'Ie7x9kDQFq', '279', 'Super Markit', '2023-11-27 23:25:59', '2023-11-27 23:25:59'),
(251582, '74MdkCZyOl', '597', 'Apartment', '2023-11-27 23:25:59', '2023-11-27 23:25:59'),
(252826, 'YmFc6oHy84', '251', 'Super Markit', '2023-11-27 23:25:59', '2023-11-27 23:25:59'),
(254169, 'GZPyTN75Z0', '241', 'Super Markit', '2023-11-27 23:25:59', '2023-11-27 23:25:59'),
(255292, 'EYI5cnq21u', '147', 'Home', '2023-11-27 23:25:59', '2023-11-27 23:25:59'),
(256130, 'uhkEX7EMaH', '509', 'Apartment', '2023-11-27 23:25:59', '2023-11-27 23:25:59'),
(259886, 'P6vLWOQJXc', '526', 'Apartment', '2023-11-27 23:25:59', '2023-11-27 23:25:59'),
(261498, '3ujPdXz4Bu', '229', 'Apartment', '2023-11-27 23:25:58', '2023-11-27 23:25:58'),
(266760, 'IUigMiLlki', '906', 'Home', '2023-11-27 23:25:58', '2023-11-27 23:25:58'),
(269400, 'UR9PHFAoS4', '195', 'Apartment', '2023-11-27 23:25:59', '2023-11-27 23:25:59'),
(277389, '7pHdgHfha1', '688', 'Home', '2023-11-27 23:25:59', '2023-11-27 23:25:59'),
(279174, 'Gb5GdVoPq4', '886', 'Apartment', '2023-11-27 23:25:59', '2023-11-27 23:25:59'),
(279268, 'n6iSmFhGiM', '244', 'Apartment', '2023-11-27 23:25:59', '2023-11-27 23:25:59'),
(287613, 'QhdRD7qtmR', '756', 'Home', '2023-11-27 23:25:59', '2023-11-27 23:25:59'),
(295216, 'j7aSPwtd9a', '73', 'Apartment', '2023-11-27 23:25:59', '2023-11-27 23:25:59'),
(296141, '1Gc6SOTJSf', '242', 'Super Markit', '2023-11-27 23:25:59', '2023-11-27 23:25:59'),
(296678, 'PUq8ueG2m1', '423', 'Apartment', '2023-11-27 23:25:58', '2023-11-27 23:25:58'),
(299970, '7cCtlcsqDy', '469', 'Home', '2023-11-27 23:25:58', '2023-11-27 23:25:58'),
(300461, '7IDWjaUcFS', '229', 'Home', '2023-11-27 23:25:59', '2023-11-27 23:25:59'),
(302563, 'EJ2HiN9Ux8', '266', 'Apartment', '2023-11-27 23:25:58', '2023-11-27 23:25:58'),
(305305, '1JKamdgIVi', '935', 'Home', '2023-11-27 23:25:58', '2023-11-27 23:25:58'),
(311428, 'njJQBCjc79', '241', 'Super Markit', '2023-11-27 23:25:59', '2023-11-27 23:25:59'),
(315781, 'zfHSyWQinD', '439', 'Super Markit', '2023-11-27 23:25:59', '2023-11-27 23:25:59'),
(317094, 'cUCK6wODmh', '624', 'Super Markit', '2023-11-27 23:25:59', '2023-11-27 23:25:59'),
(323888, '0mhTFskV7g', '85', 'Apartment', '2023-11-27 23:25:59', '2023-11-27 23:25:59'),
(328503, 'JV1gmtAGXi', '157', 'Apartment', '2023-11-27 23:25:59', '2023-11-27 23:25:59'),
(332445, '4G6eyY6N88', '58', 'Apartment', '2023-11-27 23:25:59', '2023-11-27 23:25:59'),
(334177, 'ab7f3vMFmd', '18', 'Super Markit', '2023-11-27 23:25:59', '2023-11-27 23:25:59'),
(334265, 'flgtXkvvcX', '824', 'Super Markit', '2023-11-27 23:25:59', '2023-11-27 23:25:59'),
(335091, 'mrwj6JvFwn', '124', 'Super Markit', '2023-11-27 23:25:59', '2023-11-27 23:25:59'),
(339449, 'qhaYe7Z49g', '945', 'Super Markit', '2023-11-27 23:25:59', '2023-11-27 23:25:59'),
(340015, '2ulycl7fiK', '122', 'Super Markit', '2023-11-27 23:25:59', '2023-11-27 23:25:59'),
(345794, 'fFvZncnuWS', '84', 'Super Markit', '2023-11-27 23:25:58', '2023-11-27 23:25:58'),
(347566, 'dScvoIbBQG', '750', 'Home', '2023-11-27 23:25:58', '2023-11-27 23:25:58'),
(349060, 'dvTdGdqW0q', '139', 'Apartment', '2023-11-27 23:25:59', '2023-11-27 23:25:59'),
(357740, 'YPKUIN55Y9', '902', 'Super Markit', '2023-11-27 23:25:59', '2023-11-27 23:25:59'),
(359826, 'ewXv06AwwW', '21', 'Home', '2023-11-27 23:25:59', '2023-11-27 23:25:59'),
(361659, 'p1J5096Ish', '544', 'Home', '2023-11-27 23:25:59', '2023-11-27 23:25:59'),
(361923, 'PnGwY3seuC', '141', 'Home', '2023-11-27 23:25:59', '2023-11-27 23:25:59'),
(364792, '7GDzwojv0l', '373', 'Home', '2023-11-27 23:25:58', '2023-11-27 23:25:58'),
(371186, 'QaqIK4kswE', '102', 'Apartment', '2023-11-27 23:25:58', '2023-11-27 23:25:58'),
(377277, 'MweOW3wvPj', '274', 'Home', '2023-11-27 23:25:58', '2023-11-27 23:25:58'),
(377445, '9w8BLvuAz4', '703', 'Apartment', '2023-11-27 23:25:59', '2023-11-27 23:25:59'),
(385916, 't5uFuioTao', '798', 'Home', '2023-11-27 23:25:59', '2023-11-27 23:25:59'),
(393638, 'we1KLEUcZi', '591', 'Home', '2023-11-27 23:25:58', '2023-11-27 23:25:58'),
(400500, 'X4oOEdkkNH', '428', 'Home', '2023-11-27 23:25:58', '2023-11-27 23:25:58'),
(403907, 'GkhEhEwPMl', '976', 'Home', '2023-11-27 23:25:58', '2023-11-27 23:25:58'),
(405069, 'IeVCJzvhMn', '813', 'Super Markit', '2023-11-27 23:25:59', '2023-11-27 23:25:59'),
(406529, 'UIC7yhhtiz', '958', 'Home', '2023-11-27 23:25:58', '2023-11-27 23:25:58'),
(427556, 'NyPvVgrwx5', '806', 'Super Markit', '2023-11-27 23:25:59', '2023-11-27 23:25:59'),
(435099, 'Td0ER5oBsO', '947', 'Home', '2023-11-27 23:25:59', '2023-11-27 23:25:59'),
(439654, 'sqn4DSGMGs', '318', 'Apartment', '2023-11-27 23:25:58', '2023-11-27 23:25:58'),
(449336, 'nXMhTXOTlu', '197', 'Super Markit', '2023-11-27 23:25:59', '2023-11-27 23:25:59'),
(456255, '0qdhQyBsz9', '807', 'Apartment', '2023-11-27 23:25:59', '2023-11-27 23:25:59'),
(459792, 'DDHKA29Dwm', '644', 'Apartment', '2023-11-27 23:25:59', '2023-11-27 23:25:59'),
(461042, '6hgGjerCWN', '732', 'Home', '2023-11-27 23:25:59', '2023-11-27 23:25:59'),
(462452, 'k6M51Q6f22', '895', 'Super Markit', '2023-11-27 23:25:58', '2023-11-27 23:25:58'),
(467701, 'nPkPtJThrY', '475', 'Apartment', '2023-11-27 23:25:58', '2023-11-27 23:25:58'),
(471670, 'S36HlU6tZs', '108', 'Home', '2023-11-27 23:25:58', '2023-11-27 23:25:58'),
(471916, 'GsJ8aslw7O', '42', 'Apartment', '2023-11-27 23:25:59', '2023-11-27 23:25:59'),
(473108, 'euuIUIj4uG', '320', 'Super Markit', '2023-11-27 23:25:59', '2023-11-27 23:25:59'),
(479237, 'dzc3raLx9a', '110', 'Super Markit', '2023-11-27 23:25:58', '2023-11-27 23:25:58'),
(485627, 'Wcw7zZRylF', '895', 'Home', '2023-11-27 23:25:58', '2023-11-27 23:25:58'),
(485674, 'NN8XGRUUv1', '712', 'Super Markit', '2023-11-27 23:25:59', '2023-11-27 23:25:59'),
(494698, 'vhn5UgtEFd', '572', 'Apartment', '2023-11-27 23:25:59', '2023-11-27 23:25:59'),
(502583, 'hnCgHiaf4S', '818', 'Apartment', '2023-11-27 23:25:58', '2023-11-27 23:25:58'),
(504450, 'UoLAQrQie2', '769', 'Home', '2023-11-27 23:25:59', '2023-11-27 23:25:59'),
(505436, 'NGctdbCcuY', '706', 'Super Markit', '2023-11-27 23:25:59', '2023-11-27 23:25:59'),
(505621, '7b7cEwMFqH', '553', 'Super Markit', '2023-11-27 23:25:59', '2023-11-27 23:25:59'),
(507528, 'xKVfKVqLEM', '360', 'Apartment', '2023-11-27 23:25:59', '2023-11-27 23:25:59'),
(508882, 'lselgxjgWn', '255', 'Apartment', '2023-11-27 23:25:58', '2023-11-27 23:25:58'),
(517738, '3jZR6Y0UM2', '746', 'Apartment', '2023-11-27 23:25:59', '2023-11-27 23:25:59'),
(518482, 'or8tqLXCra', '399', 'Super Markit', '2023-11-27 23:25:58', '2023-11-27 23:25:58'),
(519982, 'rzmeIgd9TH', '736', 'Super Markit', '2023-11-27 23:25:59', '2023-11-27 23:25:59'),
(522397, 'wGx9fpG5g2', '198', 'Home', '2023-11-27 23:25:58', '2023-11-27 23:25:58'),
(524593, '2yBl1e6ZEl', '739', 'Super Markit', '2023-11-27 23:25:58', '2023-11-27 23:25:58'),
(526651, '35WgrL7Nrb', '594', 'Apartment', '2023-11-27 23:25:59', '2023-11-27 23:25:59'),
(528287, '3ijXzNtSLh', '816', 'Super Markit', '2023-11-27 23:25:59', '2023-11-27 23:25:59'),
(540311, 'sSj9F7Wcuz', '269', 'Apartment', '2023-11-27 23:25:59', '2023-11-27 23:25:59'),
(541221, 'Yh87cjCVtR', '623', 'Home', '2023-11-27 23:25:59', '2023-11-27 23:25:59'),
(544474, 'XRoj4BcNZ1', '345', 'Super Markit', '2023-11-27 23:25:58', '2023-11-27 23:25:58'),
(547460, 'HwDbKgE4cf', '475', 'Super Markit', '2023-11-27 23:25:58', '2023-11-27 23:25:58'),
(552026, 'Znpv8HAOj3', '313', 'Super Markit', '2023-11-27 23:25:59', '2023-11-27 23:25:59'),
(552612, 'el45IQOlRO', '507', 'Apartment', '2023-11-27 23:25:59', '2023-11-27 23:25:59'),
(553796, 'lYoZSRIfzO', '832', 'Apartment', '2023-11-27 23:25:59', '2023-11-27 23:25:59'),
(561826, 'ewd8XReRuQ', '658', 'Apartment', '2023-11-27 23:25:59', '2023-11-27 23:25:59'),
(574232, 'EtMnqkcKRX', '596', 'Super Markit', '2023-11-27 23:25:59', '2023-11-27 23:25:59'),
(574314, 'aaVzjHtbwl', '889', 'Apartment', '2023-11-27 23:25:59', '2023-11-27 23:25:59'),
(579231, '9nWjx4ru5M', '445', 'Home', '2023-11-27 23:25:59', '2023-11-27 23:25:59'),
(579264, 'VBlJnWxgQT', '155', 'Super Markit', '2023-11-27 23:25:58', '2023-11-27 23:25:58'),
(582971, '9gL1LjrrK5', '10', 'Home', '2023-11-27 23:25:58', '2023-11-27 23:25:58'),
(583026, 'chS9RBZdxK', '234', 'Home', '2023-11-27 23:25:58', '2023-11-27 23:25:58'),
(591281, 'wnegRxMQLv', '234', 'Super Markit', '2023-11-27 23:25:59', '2023-11-27 23:25:59'),
(591690, 'mS8p0j01fE', '129', 'Super Markit', '2023-11-27 23:25:59', '2023-11-27 23:25:59'),
(592100, 'PhcFsNyxFj', '319', 'Super Markit', '2023-11-27 23:25:58', '2023-11-27 23:25:58'),
(593554, 'TGFpxwzkm7', '381', 'Home', '2023-11-27 23:25:58', '2023-11-27 23:25:58'),
(600099, 'u6am7wZP8D', '382', 'Super Markit', '2023-11-27 23:25:59', '2023-11-27 23:25:59'),
(600814, 'bSZYA1S6CJ', '442', 'Super Markit', '2023-11-27 23:25:59', '2023-11-27 23:25:59'),
(602075, 'SrAwlOviJk', '17', 'Super Markit', '2023-11-27 23:25:59', '2023-11-27 23:25:59'),
(602180, 'IsrVNDbwPJ', '313', 'Apartment', '2023-11-27 23:25:58', '2023-11-27 23:25:58'),
(603237, 'izIGLljyFA', '883', 'Home', '2023-11-27 23:25:59', '2023-11-27 23:25:59'),
(610026, '2sCtNKfeg1', '820', 'Home', '2023-11-27 23:25:58', '2023-11-27 23:25:58'),
(616232, 'j2IXHLjLuS', '658', 'Apartment', '2023-11-27 23:25:58', '2023-11-27 23:25:58'),
(616651, 'JTyFau9GXg', '296', 'Super Markit', '2023-11-27 23:25:58', '2023-11-27 23:25:58'),
(621031, 'jGI5264SpL', '819', 'Super Markit', '2023-11-27 23:25:59', '2023-11-27 23:25:59'),
(621188, 'TscwNHpzBi', '819', 'Home', '2023-11-27 23:25:59', '2023-11-27 23:25:59'),
(622027, 'P1TtFYQmJg', '905', 'Super Markit', '2023-11-27 23:25:59', '2023-11-27 23:25:59'),
(623543, '17AtBppxS8', '978', 'Home', '2023-11-27 23:25:59', '2023-11-27 23:25:59'),
(625828, '1Erxow4Z7g', '329', 'Apartment', '2023-11-27 23:25:59', '2023-11-27 23:25:59'),
(629125, 'ZZdLnjTOZ1', '408', 'Super Markit', '2023-11-27 23:25:59', '2023-11-27 23:25:59'),
(635359, 'YGLSuHjF2x', '416', 'Apartment', '2023-11-27 23:25:59', '2023-11-27 23:25:59'),
(642255, 'snD5IobPUg', '51', 'Home', '2023-11-27 23:25:58', '2023-11-27 23:25:58'),
(648280, 'oexxy03AH6', '667', 'Apartment', '2023-11-27 23:25:58', '2023-11-27 23:25:58'),
(649219, 'k0irSu5PCS', '350', 'Super Markit', '2023-11-27 23:25:58', '2023-11-27 23:25:58'),
(649338, 'oIyBOv1k9W', '258', 'Apartment', '2023-11-27 23:25:59', '2023-11-27 23:25:59'),
(651273, 'X9Ihx9XC3J', '770', 'Home', '2023-11-27 23:25:59', '2023-11-27 23:25:59'),
(652939, 'sopf2jAYNK', '959', 'Apartment', '2023-11-27 23:25:59', '2023-11-27 23:25:59'),
(663323, '6Y4P8j9AEQ', '182', 'Home', '2023-11-27 23:25:58', '2023-11-27 23:25:58'),
(667549, 'm8CZAmTRIR', '351', 'Home', '2023-11-27 23:25:59', '2023-11-27 23:25:59'),
(673167, 'SZzOAFB3IC', '185', 'Apartment', '2023-11-27 23:25:58', '2023-11-27 23:25:58'),
(673494, 'st3wzhgrkO', '113', 'Apartment', '2023-11-27 23:25:59', '2023-11-27 23:25:59'),
(673566, 'UaDOgo3a5B', '385', 'Apartment', '2023-11-27 23:25:58', '2023-11-27 23:25:58'),
(674435, '6mvpsBNUKh', '877', 'Super Markit', '2023-11-27 23:25:59', '2023-11-27 23:25:59'),
(683405, 'LOhTmrfRsz', '824', 'Super Markit', '2023-11-27 23:25:59', '2023-11-27 23:25:59'),
(712304, 'Ke0mwZQs67', '301', 'Super Markit', '2023-11-27 23:25:59', '2023-11-27 23:25:59'),
(722356, 'lRey5tM0j8', '823', 'Apartment', '2023-11-27 23:25:59', '2023-11-27 23:25:59'),
(722849, 'tI5jsR2PSA', '85', 'Apartment', '2023-11-27 23:25:59', '2023-11-27 23:25:59'),
(726807, 'khDSiYJcAD', '839', 'Apartment', '2023-11-27 23:25:59', '2023-11-27 23:25:59'),
(728895, 'n6Pdhq6bXL', '78', 'Super Markit', '2023-11-27 23:25:58', '2023-11-27 23:25:58'),
(734054, 'HHyUz8lg1g', '444', 'Apartment', '2023-11-27 23:25:58', '2023-11-27 23:25:58'),
(740559, 'pLdpTvYzyI', '516', 'Super Markit', '2023-11-27 23:25:59', '2023-11-27 23:25:59'),
(743685, 'VWbPW6pZC3', '227', 'Super Markit', '2023-11-27 23:25:59', '2023-11-27 23:25:59'),
(759739, '2F9FZhyVVM', '708', 'Super Markit', '2023-11-27 23:25:58', '2023-11-27 23:25:58'),
(766494, '4dXzt4JMFy', '663', 'Super Markit', '2023-11-27 23:25:58', '2023-11-27 23:25:58'),
(768209, 'T2VLkyk0l2', '865', 'Home', '2023-11-27 23:25:59', '2023-11-27 23:25:59'),
(774041, 'BzgZYO1U34', '951', 'Super Markit', '2023-11-27 23:25:59', '2023-11-27 23:25:59'),
(774375, '0LvbtkD2fC', '161', 'Apartment', '2023-11-27 23:25:58', '2023-11-27 23:25:58'),
(777171, 'lBUadbShEH', '538', 'Home', '2023-11-27 23:25:59', '2023-11-27 23:25:59'),
(777271, 'd50kjBjUUa', '466', 'Home', '2023-11-27 23:25:59', '2023-11-27 23:25:59'),
(781844, 'LigJuEXS55', '879', 'Super Markit', '2023-11-27 23:25:58', '2023-11-27 23:25:58'),
(785551, 'oLxuKZ7WxV', '708', 'Home', '2023-11-27 23:25:59', '2023-11-27 23:25:59'),
(799195, 'UIjkz4CBEH', '115', 'Apartment', '2023-11-27 23:25:59', '2023-11-27 23:25:59'),
(800528, 'ZFfzq06tVt', '503', 'Apartment', '2023-11-27 23:25:59', '2023-11-27 23:25:59'),
(800820, 'lwuxxvIx1I', '821', 'Home', '2023-11-27 23:25:58', '2023-11-27 23:25:58'),
(811517, '83iiuNmtZF', '291', 'Super Markit', '2023-11-27 23:25:58', '2023-11-27 23:25:58'),
(815147, '7wGNohA548', '220', 'Super Markit', '2023-11-27 23:25:59', '2023-11-27 23:25:59'),
(818434, 'GKxHva97T3', '958', 'Super Markit', '2023-11-27 23:25:59', '2023-11-27 23:25:59'),
(825459, 'U7u5kzyLGd', '543', 'Super Markit', '2023-11-27 23:25:59', '2023-11-27 23:25:59'),
(827336, 'SSn67ZczNk', '36', 'Super Markit', '2023-11-27 23:25:59', '2023-11-27 23:25:59'),
(830526, 'Fey5kdMLc5', '722', 'Super Markit', '2023-11-27 23:25:58', '2023-11-27 23:25:58'),
(833104, 'hyCMvF2cuM', '633', 'Apartment', '2023-11-27 23:25:58', '2023-11-27 23:25:58'),
(851121, 'hnWljDrYvJ', '798', 'Apartment', '2023-11-27 23:25:58', '2023-11-27 23:25:58'),
(852357, 'lrAUHFGXjR', '892', 'Home', '2023-11-27 23:25:59', '2023-11-27 23:25:59'),
(854861, 'zhkPyesp5Z', '113', 'Apartment', '2023-11-27 23:25:58', '2023-11-27 23:25:58'),
(861300, 'h6fsdYBAPi', '276', 'Apartment', '2023-11-27 23:25:59', '2023-11-27 23:25:59'),
(861649, '5bzepFQ9SV', '586', 'Super Markit', '2023-11-27 23:25:59', '2023-11-27 23:25:59'),
(861788, 'qo1wem5SmG', '959', 'Super Markit', '2023-11-27 23:25:58', '2023-11-27 23:25:58'),
(863904, 'jkF9IjB5KU', '212', 'Apartment', '2023-11-27 23:25:58', '2023-11-27 23:25:58'),
(870567, 'ZQRHo24nJW', '620', 'Apartment', '2023-11-27 23:25:59', '2023-11-27 23:25:59'),
(873085, 'Rfl4mCT50U', '612', 'Home', '2023-11-27 23:25:59', '2023-11-27 23:25:59'),
(875769, 'wP4PUsMcC4', '361', 'Super Markit', '2023-11-27 23:25:59', '2023-11-27 23:25:59'),
(877813, 'yX9wYim4c9', '621', 'Super Markit', '2023-11-27 23:25:59', '2023-11-27 23:25:59'),
(878981, 'kiXbJnJyl8', '464', 'Super Markit', '2023-11-27 23:25:59', '2023-11-27 23:25:59'),
(881028, 'ciQh1FFI8T', '281', 'Apartment', '2023-11-27 23:25:58', '2023-11-27 23:25:58'),
(881687, 'tpzlvc2YVD', '420', 'Super Markit', '2023-11-27 23:25:58', '2023-11-27 23:25:58'),
(887292, 'EVImMzXjHg', '795', 'Home', '2023-11-27 23:25:59', '2023-11-27 23:25:59'),
(888382, 'QybWdANSBS', '175', 'Super Markit', '2023-11-27 23:25:58', '2023-11-27 23:25:58'),
(892326, 'sFs9N5TPLg', '615', 'Home', '2023-11-27 23:25:59', '2023-11-27 23:25:59'),
(896606, '2qb8fxFmhS', '654', 'Apartment', '2023-11-27 23:25:59', '2023-11-27 23:25:59'),
(897526, 'ZYUBeG1clZ', '660', 'Home', '2023-11-27 23:25:59', '2023-11-27 23:25:59'),
(898033, 'tnXKk4guKu', '442', 'Home', '2023-11-27 23:25:58', '2023-11-27 23:25:58'),
(902008, 'vZvNiIp4F0', '301', 'Super Markit', '2023-11-27 23:25:59', '2023-11-27 23:25:59'),
(903733, 'eYasLK4A7d', '886', 'Apartment', '2023-11-27 23:25:58', '2023-11-27 23:25:58'),
(910650, 'TmwGGMkJ5I', '225', 'Home', '2023-11-27 23:25:59', '2023-11-27 23:25:59'),
(913164, 'eZbbXjzRBm', '902', 'Home', '2023-11-27 23:25:58', '2023-11-27 23:25:58'),
(916386, 'yq62Hr3vjD', '762', 'Apartment', '2023-11-27 23:25:59', '2023-11-27 23:25:59'),
(918914, 'aBh7nohUZZ', '547', 'Super Markit', '2023-11-27 23:25:59', '2023-11-27 23:25:59'),
(924643, 'dZfVgvqbUz', '731', 'Super Markit', '2023-11-27 23:25:59', '2023-11-27 23:25:59'),
(927482, 'qKVNdaWMWz', '161', 'Super Markit', '2023-11-27 23:25:59', '2023-11-27 23:25:59'),
(929787, 'UF2vcTipyn', '267', 'Super Markit', '2023-11-27 23:25:58', '2023-11-27 23:25:58'),
(932129, 'LhtyyC9pCG', '256', 'Apartment', '2023-11-27 23:25:58', '2023-11-27 23:25:58'),
(936152, 'aEaSzc69WM', '145', 'Apartment', '2023-11-27 23:25:58', '2023-11-27 23:25:58'),
(946424, 'm6chQye2Zp', '208', 'Home', '2023-11-27 23:25:59', '2023-11-27 23:25:59'),
(949651, 'hJPU69VesO', '385', 'Home', '2023-11-27 23:25:58', '2023-11-27 23:25:58'),
(953387, 'FCIAzmKCr7', '624', 'Apartment', '2023-11-27 23:25:59', '2023-11-27 23:25:59'),
(969119, 'EFp2vYu8X0', '394', 'Apartment', '2023-11-27 23:25:59', '2023-11-27 23:25:59'),
(969235, 'L7EEioGVQd', '968', 'Apartment', '2023-11-27 23:25:59', '2023-11-27 23:25:59'),
(973126, 'lpBESnsLui', '167', 'Apartment', '2023-11-27 23:25:59', '2023-11-27 23:25:59'),
(982139, 'x0nrczRefo', '547', 'Home', '2023-11-27 23:25:59', '2023-11-27 23:25:59'),
(988050, 'uHXZTRGQ8G', '980', 'Super Markit', '2023-11-27 23:25:59', '2023-11-27 23:25:59'),
(988349, '3COMBaegDD', '300', 'Super Markit', '2023-11-27 23:25:59', '2023-11-27 23:25:59'),
(990341, 'VKM49PFHVW', '10', 'Super Markit', '2023-11-27 23:25:58', '2023-11-27 23:25:58'),
(990603, 'GKuZFBqwXw', '167', 'Home', '2023-11-27 23:25:59', '2023-11-27 23:25:59'),
(995181, 'LLqfEEJOZO', '138', 'Super Markit', '2023-11-27 23:25:59', '2023-11-27 23:25:59'),
(997809, 'UGeOPIkGGE', '798', 'Apartment', '2023-11-27 23:25:59', '2023-11-27 23:25:59');

-- --------------------------------------------------------

--
-- Table structure for table `objects__transactions`
--

CREATE TABLE `objects__transactions` (
  `id` bigint(20) UNSIGNED NOT NULL,
  `ObjectTR_ID` bigint(20) UNSIGNED NOT NULL,
  `TransOB_ID` bigint(20) UNSIGNED NOT NULL,
  `created_at` timestamp NULL DEFAULT NULL,
  `updated_at` timestamp NULL DEFAULT NULL
) ENGINE=InnoDB DEFAULT CHARSET=utf8mb4 COLLATE=utf8mb4_unicode_ci;

--
-- Dumping data for table `objects__transactions`
--

INSERT INTO `objects__transactions` (`id`, `ObjectTR_ID`, `TransOB_ID`, `created_at`, `updated_at`) VALUES
(1, 266760, 968703, '2023-11-27 23:27:42', '2023-11-27 23:27:42'),
(2, 649338, 324552, '2023-11-27 23:27:42', '2023-11-27 23:27:42'),
(3, 673494, 141764, '2023-11-27 23:27:42', '2023-11-27 23:27:42'),
(4, 504450, 944165, '2023-11-27 23:27:42', '2023-11-27 23:27:42'),
(5, 547460, 263426, '2023-11-27 23:27:42', '2023-11-27 23:27:42'),
(6, 86207, 253311, '2023-11-27 23:27:42', '2023-11-27 23:27:42'),
(7, 405069, 791025, '2023-11-27 23:27:43', '2023-11-27 23:27:43'),
(8, 552026, 806507, '2023-11-27 23:27:43', '2023-11-27 23:27:43'),
(9, 518482, 733018, '2023-11-27 23:27:43', '2023-11-27 23:27:43'),
(10, 224930, 148181, '2023-11-27 23:27:43', '2023-11-27 23:27:43'),
(11, 16447, 939523, '2023-11-27 23:27:43', '2023-11-27 23:27:43'),
(12, 393638, 578259, '2023-11-27 23:27:43', '2023-11-27 23:27:43'),
(13, 219112, 535051, '2023-11-27 23:27:43', '2023-11-27 23:27:43'),
(14, 610026, 988040, '2023-11-27 23:27:43', '2023-11-27 23:27:43'),
(15, 359826, 164511, '2023-11-27 23:27:43', '2023-11-27 23:27:43'),
(16, 154817, 86907, '2023-11-27 23:27:43', '2023-11-27 23:27:43'),
(17, 649338, 67640, '2023-11-27 23:27:43', '2023-11-27 23:27:43'),
(18, 995181, 357929, '2023-11-27 23:27:43', '2023-11-27 23:27:43'),
(19, 997809, 636820, '2023-11-27 23:27:43', '2023-11-27 23:27:43'),
(20, 505621, 139056, '2023-11-27 23:27:43', '2023-11-27 23:27:43'),
(21, 256130, 356840, '2023-11-27 23:27:43', '2023-11-27 23:27:43'),
(22, 254169, 800237, '2023-11-27 23:27:43', '2023-11-27 23:27:43'),
(23, 214992, 483870, '2023-11-27 23:27:43', '2023-11-27 23:27:43'),
(24, 592100, 320268, '2023-11-27 23:27:43', '2023-11-27 23:27:43'),
(25, 406529, 233780, '2023-11-27 23:27:43', '2023-11-27 23:27:43'),
(26, 505621, 415130, '2023-11-27 23:27:43', '2023-11-27 23:27:43'),
(27, 673167, 191168, '2023-11-27 23:27:43', '2023-11-27 23:27:43'),
(28, 673494, 589577, '2023-11-27 23:27:43', '2023-11-27 23:27:43'),
(29, 916386, 800819, '2023-11-27 23:27:43', '2023-11-27 23:27:43'),
(30, 75462, 93607, '2023-11-27 23:27:43', '2023-11-27 23:27:43'),
(31, 877813, 155697, '2023-11-27 23:27:43', '2023-11-27 23:27:43'),
(32, 774375, 823213, '2023-11-27 23:27:43', '2023-11-27 23:27:43'),
(33, 777271, 878815, '2023-11-27 23:27:43', '2023-11-27 23:27:43'),
(34, 579264, 97975, '2023-11-27 23:27:43', '2023-11-27 23:27:43'),
(35, 300461, 136212, '2023-11-27 23:27:43', '2023-11-27 23:27:43'),
(36, 502583, 875461, '2023-11-27 23:27:43', '2023-11-27 23:27:43'),
(37, 861649, 50866, '2023-11-27 23:27:43', '2023-11-27 23:27:43'),
(38, 174612, 572972, '2023-11-27 23:27:43', '2023-11-27 23:27:43'),
(39, 621188, 863957, '2023-11-27 23:27:43', '2023-11-27 23:27:43'),
(40, 269400, 237271, '2023-11-27 23:27:43', '2023-11-27 23:27:43'),
(41, 916386, 699424, '2023-11-27 23:27:43', '2023-11-27 23:27:43'),
(42, 504450, 61621, '2023-11-27 23:27:43', '2023-11-27 23:27:43'),
(43, 323888, 621916, '2023-11-27 23:27:43', '2023-11-27 23:27:43'),
(44, 251582, 280219, '2023-11-27 23:27:43', '2023-11-27 23:27:43'),
(45, 317094, 426533, '2023-11-27 23:27:43', '2023-11-27 23:27:43'),
(46, 781844, 999461, '2023-11-27 23:27:43', '2023-11-27 23:27:43'),
(47, 777171, 672937, '2023-11-27 23:27:43', '2023-11-27 23:27:43'),
(48, 406529, 206356, '2023-11-27 23:27:43', '2023-11-27 23:27:43'),
(49, 64540, 948430, '2023-11-27 23:27:43', '2023-11-27 23:27:43'),
(50, 541221, 713329, '2023-11-27 23:27:43', '2023-11-27 23:27:43'),
(51, 621031, 617390, '2023-11-27 23:27:43', '2023-11-27 23:27:43'),
(52, 642255, 850606, '2023-11-27 23:27:43', '2023-11-27 23:27:43'),
(53, 652939, 103065, '2023-11-27 23:27:43', '2023-11-27 23:27:43'),
(54, 473108, 945421, '2023-11-27 23:27:43', '2023-11-27 23:27:43'),
(55, 479237, 512204, '2023-11-27 23:27:43', '2023-11-27 23:27:43'),
(56, 252826, 330411, '2023-11-27 23:27:43', '2023-11-27 23:27:43'),
(57, 335091, 537386, '2023-11-27 23:27:43', '2023-11-27 23:27:43'),
(58, 877813, 489226, '2023-11-27 23:27:43', '2023-11-27 23:27:43'),
(59, 990603, 710175, '2023-11-27 23:27:43', '2023-11-27 23:27:43'),
(60, 517738, 684515, '2023-11-27 23:27:43', '2023-11-27 23:27:43'),
(61, 259886, 403065, '2023-11-27 23:27:44', '2023-11-27 23:27:44'),
(62, 328503, 142366, '2023-11-27 23:27:44', '2023-11-27 23:27:44'),
(63, 781844, 130089, '2023-11-27 23:27:44', '2023-11-27 23:27:44'),
(64, 377445, 664948, '2023-11-27 23:27:44', '2023-11-27 23:27:44'),
(65, 508882, 964910, '2023-11-27 23:27:44', '2023-11-27 23:27:44'),
(66, 683405, 265608, '2023-11-27 23:27:44', '2023-11-27 23:27:44'),
(67, 334177, 262104, '2023-11-27 23:27:44', '2023-11-27 23:27:44'),
(68, 371186, 38393, '2023-11-27 23:27:44', '2023-11-27 23:27:44'),
(69, 75115, 265022, '2023-11-27 23:27:44', '2023-11-27 23:27:44'),
(70, 193767, 189723, '2023-11-27 23:27:44', '2023-11-27 23:27:44'),
(71, 990603, 797683, '2023-11-27 23:27:44', '2023-11-27 23:27:44'),
(72, 461042, 102738, '2023-11-27 23:27:44', '2023-11-27 23:27:44'),
(73, 875769, 359227, '2023-11-27 23:27:44', '2023-11-27 23:27:44'),
(74, 861788, 950585, '2023-11-27 23:27:44', '2023-11-27 23:27:44'),
(75, 302563, 261167, '2023-11-27 23:27:44', '2023-11-27 23:27:44'),
(76, 28443, 758856, '2023-11-27 23:27:44', '2023-11-27 23:27:44'),
(77, 887292, 347219, '2023-11-27 23:27:44', '2023-11-27 23:27:44'),
(78, 162965, 509694, '2023-11-27 23:27:44', '2023-11-27 23:27:44'),
(79, 815147, 869505, '2023-11-27 23:27:44', '2023-11-27 23:27:44'),
(80, 722356, 377129, '2023-11-27 23:27:44', '2023-11-27 23:27:44'),
(81, 616232, 318408, '2023-11-27 23:27:44', '2023-11-27 23:27:44'),
(82, 192629, 377623, '2023-11-27 23:27:44', '2023-11-27 23:27:44'),
(83, 494698, 770175, '2023-11-27 23:27:44', '2023-11-27 23:27:44'),
(84, 154817, 701674, '2023-11-27 23:27:44', '2023-11-27 23:27:44'),
(85, 593554, 56466, '2023-11-27 23:27:44', '2023-11-27 23:27:44'),
(86, 385916, 782279, '2023-11-27 23:27:44', '2023-11-27 23:27:44'),
(87, 224930, 279989, '2023-11-27 23:27:44', '2023-11-27 23:27:44'),
(88, 892326, 135463, '2023-11-27 23:27:44', '2023-11-27 23:27:44'),
(89, 592100, 83756, '2023-11-27 23:27:44', '2023-11-27 23:27:44'),
(90, 982139, 472874, '2023-11-27 23:27:44', '2023-11-27 23:27:44'),
(91, 135615, 392160, '2023-11-27 23:27:44', '2023-11-27 23:27:44'),
(92, 988050, 60096, '2023-11-27 23:27:44', '2023-11-27 23:27:44'),
(93, 652939, 318065, '2023-11-27 23:27:44', '2023-11-27 23:27:44'),
(94, 385916, 737420, '2023-11-27 23:27:44', '2023-11-27 23:27:44'),
(95, 261498, 330537, '2023-11-27 23:27:44', '2023-11-27 23:27:44'),
(96, 192629, 455248, '2023-11-27 23:27:44', '2023-11-27 23:27:44'),
(97, 328503, 183814, '2023-11-27 23:27:44', '2023-11-27 23:27:44'),
(98, 616232, 254463, '2023-11-27 23:27:44', '2023-11-27 23:27:44'),
(99, 334177, 956003, '2023-11-27 23:27:44', '2023-11-27 23:27:44'),
(100, 185129, 392084, '2023-11-27 23:27:44', '2023-11-27 23:27:44'),
(101, 162965, 760611, '2023-11-27 23:27:44', '2023-11-27 23:27:44'),
(102, 456255, 806383, '2023-11-27 23:27:44', '2023-11-27 23:27:44'),
(103, 226396, 119915, '2023-11-27 23:27:44', '2023-11-27 23:27:44'),
(104, 902008, 274995, '2023-11-27 23:27:44', '2023-11-27 23:27:44'),
(105, 311428, 608734, '2023-11-27 23:27:44', '2023-11-27 23:27:44'),
(106, 64540, 32677, '2023-11-27 23:27:44', '2023-11-27 23:27:44'),
(107, 74150, 32908, '2023-11-27 23:27:44', '2023-11-27 23:27:44'),
(108, 799195, 574861, '2023-11-27 23:27:44', '2023-11-27 23:27:44'),
(109, 361659, 187138, '2023-11-27 23:27:44', '2023-11-27 23:27:44'),
(110, 881687, 377173, '2023-11-27 23:27:44', '2023-11-27 23:27:44'),
(111, 485627, 633505, '2023-11-27 23:27:45', '2023-11-27 23:27:45'),
(112, 603237, 287160, '2023-11-27 23:27:45', '2023-11-27 23:27:45'),
(113, 540311, 682002, '2023-11-27 23:27:45', '2023-11-27 23:27:45'),
(114, 31082, 856510, '2023-11-27 23:27:45', '2023-11-27 23:27:45'),
(115, 359826, 838046, '2023-11-27 23:27:45', '2023-11-27 23:27:45'),
(116, 104163, 856159, '2023-11-27 23:27:45', '2023-11-27 23:27:45'),
(117, 927482, 942397, '2023-11-27 23:27:45', '2023-11-27 23:27:45'),
(118, 593554, 777552, '2023-11-27 23:27:45', '2023-11-27 23:27:45'),
(119, 574314, 437117, '2023-11-27 23:27:45', '2023-11-27 23:27:45'),
(120, 155695, 29273, '2023-11-27 23:27:45', '2023-11-27 23:27:45'),
(121, 467701, 797712, '2023-11-27 23:27:45', '2023-11-27 23:27:45'),
(122, 903733, 526784, '2023-11-27 23:27:45', '2023-11-27 23:27:45'),
(123, 593554, 328154, '2023-11-27 23:27:45', '2023-11-27 23:27:45'),
(124, 335091, 156038, '2023-11-27 23:27:45', '2023-11-27 23:27:45'),
(125, 225591, 338126, '2023-11-27 23:27:45', '2023-11-27 23:27:45'),
(126, 936152, 70546, '2023-11-27 23:27:45', '2023-11-27 23:27:45'),
(127, 251582, 189160, '2023-11-27 23:27:45', '2023-11-27 23:27:45'),
(128, 918914, 43567, '2023-11-27 23:27:45', '2023-11-27 23:27:45'),
(129, 683405, 268384, '2023-11-27 23:27:45', '2023-11-27 23:27:45'),
(130, 471916, 969123, '2023-11-27 23:27:45', '2023-11-27 23:27:45'),
(131, 456255, 499085, '2023-11-27 23:27:45', '2023-11-27 23:27:45'),
(132, 667549, 184177, '2023-11-27 23:27:45', '2023-11-27 23:27:45'),
(133, 259886, 123387, '2023-11-27 23:27:45', '2023-11-27 23:27:45'),
(134, 878981, 868261, '2023-11-27 23:27:45', '2023-11-27 23:27:45'),
(135, 204607, 947579, '2023-11-27 23:27:45', '2023-11-27 23:27:45'),
(136, 602180, 372635, '2023-11-27 23:27:45', '2023-11-27 23:27:45'),
(137, 600099, 988624, '2023-11-27 23:27:45', '2023-11-27 23:27:45'),
(138, 31082, 99574, '2023-11-27 23:27:45', '2023-11-27 23:27:45'),
(139, 406529, 749595, '2023-11-27 23:27:45', '2023-11-27 23:27:45'),
(140, 861300, 322790, '2023-11-27 23:27:45', '2023-11-27 23:27:45'),
(141, 371186, 952295, '2023-11-27 23:27:45', '2023-11-27 23:27:45'),
(142, 340015, 822196, '2023-11-27 23:27:45', '2023-11-27 23:27:45'),
(143, 574232, 907209, '2023-11-27 23:27:45', '2023-11-27 23:27:45'),
(144, 236191, 649576, '2023-11-27 23:27:45', '2023-11-27 23:27:45'),
(145, 467701, 467186, '2023-11-27 23:27:45', '2023-11-27 23:27:45'),
(146, 377277, 112621, '2023-11-27 23:27:45', '2023-11-27 23:27:45'),
(147, 167652, 756125, '2023-11-27 23:27:45', '2023-11-27 23:27:45'),
(148, 377277, 610021, '2023-11-27 23:27:45', '2023-11-27 23:27:45'),
(149, 93035, 673430, '2023-11-27 23:27:45', '2023-11-27 23:27:45'),
(150, 505621, 896951, '2023-11-27 23:27:45', '2023-11-27 23:27:45');

-- --------------------------------------------------------

--
-- Table structure for table `password_reset_tokens`
--

CREATE TABLE `password_reset_tokens` (
  `email` varchar(255) NOT NULL,
  `token` varchar(255) NOT NULL,
  `created_at` timestamp NULL DEFAULT NULL
) ENGINE=InnoDB DEFAULT CHARSET=utf8mb4 COLLATE=utf8mb4_unicode_ci;

-- --------------------------------------------------------

--
-- Table structure for table `personal_access_tokens`
--

CREATE TABLE `personal_access_tokens` (
  `id` bigint(20) UNSIGNED NOT NULL,
  `tokenable_type` varchar(255) NOT NULL,
  `tokenable_id` bigint(20) UNSIGNED NOT NULL,
  `name` varchar(255) NOT NULL,
  `token` varchar(64) NOT NULL,
  `abilities` text DEFAULT NULL,
  `last_used_at` timestamp NULL DEFAULT NULL,
  `expires_at` timestamp NULL DEFAULT NULL,
  `created_at` timestamp NULL DEFAULT NULL,
  `updated_at` timestamp NULL DEFAULT NULL
) ENGINE=InnoDB DEFAULT CHARSET=utf8mb4 COLLATE=utf8mb4_unicode_ci;

-- --------------------------------------------------------

--
-- Table structure for table `transactions`
--

CREATE TABLE `transactions` (
  `TransID` bigint(20) UNSIGNED NOT NULL,
  `TransType` varchar(255) NOT NULL,
  `created_at` timestamp NULL DEFAULT NULL,
  `updated_at` timestamp NULL DEFAULT NULL
) ENGINE=InnoDB DEFAULT CHARSET=utf8mb4 COLLATE=utf8mb4_unicode_ci;

--
-- Dumping data for table `transactions`
--

INSERT INTO `transactions` (`TransID`, `TransType`, `created_at`, `updated_at`) VALUES
(29273, 'rejected', '2023-11-27 23:27:45', '2023-11-27 23:27:45'),
(32677, 'completed', '2023-11-27 23:27:44', '2023-11-27 23:27:44'),
(32908, 'completed', '2023-11-27 23:27:44', '2023-11-27 23:27:44'),
(38393, 'rejected', '2023-11-27 23:27:44', '2023-11-27 23:27:44'),
(43567, 'completed', '2023-11-27 23:27:45', '2023-11-27 23:27:45'),
(50866, 'rejected', '2023-11-27 23:27:43', '2023-11-27 23:27:43'),
(56466, 'completed', '2023-11-27 23:27:44', '2023-11-27 23:27:44'),
(60096, 'completed', '2023-11-27 23:27:44', '2023-11-27 23:27:44'),
(61621, 'rejected', '2023-11-27 23:27:43', '2023-11-27 23:27:43'),
(67640, 'rejected', '2023-11-27 23:27:43', '2023-11-27 23:27:43'),
(70546, 'completed', '2023-11-27 23:27:45', '2023-11-27 23:27:45'),
(83756, 'rejected', '2023-11-27 23:27:44', '2023-11-27 23:27:44'),
(86907, 'completed', '2023-11-27 23:27:43', '2023-11-27 23:27:43'),
(93607, 'rejected', '2023-11-27 23:27:43', '2023-11-27 23:27:43'),
(97975, 'rejected', '2023-11-27 23:27:43', '2023-11-27 23:27:43'),
(99574, 'rejected', '2023-11-27 23:27:45', '2023-11-27 23:27:45'),
(102738, 'rejected', '2023-11-27 23:27:44', '2023-11-27 23:27:44'),
(103065, 'rejected', '2023-11-27 23:27:43', '2023-11-27 23:27:43'),
(112621, 'rejected', '2023-11-27 23:27:45', '2023-11-27 23:27:45'),
(119915, 'completed', '2023-11-27 23:27:44', '2023-11-27 23:27:44'),
(123387, 'rejected', '2023-11-27 23:27:45', '2023-11-27 23:27:45'),
(130089, 'rejected', '2023-11-27 23:27:44', '2023-11-27 23:27:44'),
(135463, 'rejected', '2023-11-27 23:27:44', '2023-11-27 23:27:44'),
(136212, 'rejected', '2023-11-27 23:27:43', '2023-11-27 23:27:43'),
(139056, 'rejected', '2023-11-27 23:27:43', '2023-11-27 23:27:43'),
(141764, 'rejected', '2023-11-27 23:27:42', '2023-11-27 23:27:42'),
(142366, 'completed', '2023-11-27 23:27:44', '2023-11-27 23:27:44'),
(148181, 'rejected', '2023-11-27 23:27:43', '2023-11-27 23:27:43'),
(155697, 'completed', '2023-11-27 23:27:43', '2023-11-27 23:27:43'),
(156038, 'rejected', '2023-11-27 23:27:45', '2023-11-27 23:27:45'),
(164511, 'completed', '2023-11-27 23:27:43', '2023-11-27 23:27:43'),
(183814, 'rejected', '2023-11-27 23:27:44', '2023-11-27 23:27:44'),
(184177, 'rejected', '2023-11-27 23:27:45', '2023-11-27 23:27:45'),
(187138, 'completed', '2023-11-27 23:27:44', '2023-11-27 23:27:44'),
(189160, 'completed', '2023-11-27 23:27:45', '2023-11-27 23:27:45'),
(189723, 'completed', '2023-11-27 23:27:44', '2023-11-27 23:27:44'),
(191168, 'completed', '2023-11-27 23:27:43', '2023-11-27 23:27:43'),
(206356, 'completed', '2023-11-27 23:27:43', '2023-11-27 23:27:43'),
(233780, 'completed', '2023-11-27 23:27:43', '2023-11-27 23:27:43'),
(237271, 'rejected', '2023-11-27 23:27:43', '2023-11-27 23:27:43'),
(253311, 'completed', '2023-11-27 23:27:42', '2023-11-27 23:27:42'),
(254463, 'completed', '2023-11-27 23:27:44', '2023-11-27 23:27:44'),
(261167, 'completed', '2023-11-27 23:27:44', '2023-11-27 23:27:44'),
(262104, 'completed', '2023-11-27 23:27:44', '2023-11-27 23:27:44'),
(263426, 'completed', '2023-11-27 23:27:42', '2023-11-27 23:27:42'),
(265022, 'rejected', '2023-11-27 23:27:44', '2023-11-27 23:27:44'),
(265608, 'completed', '2023-11-27 23:27:44', '2023-11-27 23:27:44'),
(268384, 'rejected', '2023-11-27 23:27:45', '2023-11-27 23:27:45'),
(274995, 'completed', '2023-11-27 23:27:44', '2023-11-27 23:27:44'),
(279989, 'rejected', '2023-11-27 23:27:44', '2023-11-27 23:27:44'),
(280219, 'rejected', '2023-11-27 23:27:43', '2023-11-27 23:27:43'),
(287160, 'rejected', '2023-11-27 23:27:45', '2023-11-27 23:27:45'),
(318065, 'completed', '2023-11-27 23:27:44', '2023-11-27 23:27:44'),
(318408, 'completed', '2023-11-27 23:27:44', '2023-11-27 23:27:44'),
(320268, 'rejected', '2023-11-27 23:27:43', '2023-11-27 23:27:43'),
(322790, 'completed', '2023-11-27 23:27:45', '2023-11-27 23:27:45'),
(324552, 'completed', '2023-11-27 23:27:42', '2023-11-27 23:27:42'),
(328154, 'rejected', '2023-11-27 23:27:45', '2023-11-27 23:27:45'),
(330411, 'completed', '2023-11-27 23:27:43', '2023-11-27 23:27:43'),
(330537, 'completed', '2023-11-27 23:27:44', '2023-11-27 23:27:44'),
(338126, 'completed', '2023-11-27 23:27:45', '2023-11-27 23:27:45'),
(347219, 'completed', '2023-11-27 23:27:44', '2023-11-27 23:27:44'),
(356840, 'rejected', '2023-11-27 23:27:43', '2023-11-27 23:27:43'),
(357929, 'completed', '2023-11-27 23:27:43', '2023-11-27 23:27:43'),
(359227, 'completed', '2023-11-27 23:27:44', '2023-11-27 23:27:44'),
(372635, 'completed', '2023-11-27 23:27:45', '2023-11-27 23:27:45'),
(377129, 'completed', '2023-11-27 23:27:44', '2023-11-27 23:27:44'),
(377173, 'rejected', '2023-11-27 23:27:44', '2023-11-27 23:27:44'),
(377623, 'completed', '2023-11-27 23:27:44', '2023-11-27 23:27:44'),
(392084, 'completed', '2023-11-27 23:27:44', '2023-11-27 23:27:44'),
(392160, 'rejected', '2023-11-27 23:27:44', '2023-11-27 23:27:44'),
(403065, 'rejected', '2023-11-27 23:27:43', '2023-11-27 23:27:43'),
(415130, 'completed', '2023-11-27 23:27:43', '2023-11-27 23:27:43'),
(426533, 'completed', '2023-11-27 23:27:43', '2023-11-27 23:27:43'),
(437117, 'completed', '2023-11-27 23:27:45', '2023-11-27 23:27:45'),
(455248, 'rejected', '2023-11-27 23:27:44', '2023-11-27 23:27:44'),
(467186, 'completed', '2023-11-27 23:27:45', '2023-11-27 23:27:45'),
(472874, 'rejected', '2023-11-27 23:27:44', '2023-11-27 23:27:44'),
(483870, 'completed', '2023-11-27 23:27:43', '2023-11-27 23:27:43'),
(489226, 'rejected', '2023-11-27 23:27:43', '2023-11-27 23:27:43'),
(499085, 'completed', '2023-11-27 23:27:45', '2023-11-27 23:27:45'),
(509694, 'completed', '2023-11-27 23:27:44', '2023-11-27 23:27:44'),
(512204, 'rejected', '2023-11-27 23:27:43', '2023-11-27 23:27:43'),
(526784, 'rejected', '2023-11-27 23:27:45', '2023-11-27 23:27:45'),
(535051, 'completed', '2023-11-27 23:27:43', '2023-11-27 23:27:43'),
(537386, 'rejected', '2023-11-27 23:27:43', '2023-11-27 23:27:43'),
(572972, 'rejected', '2023-11-27 23:27:43', '2023-11-27 23:27:43'),
(574861, 'completed', '2023-11-27 23:27:44', '2023-11-27 23:27:44'),
(578259, 'rejected', '2023-11-27 23:27:43', '2023-11-27 23:27:43'),
(589577, 'rejected', '2023-11-27 23:27:43', '2023-11-27 23:27:43'),
(608734, 'completed', '2023-11-27 23:27:44', '2023-11-27 23:27:44'),
(610021, 'rejected', '2023-11-27 23:27:45', '2023-11-27 23:27:45'),
(617390, 'rejected', '2023-11-27 23:27:43', '2023-11-27 23:27:43'),
(621916, 'completed', '2023-11-27 23:27:43', '2023-11-27 23:27:43'),
(633505, 'completed', '2023-11-27 23:27:44', '2023-11-27 23:27:44'),
(636820, 'rejected', '2023-11-27 23:27:43', '2023-11-27 23:27:43'),
(649576, 'completed', '2023-11-27 23:27:45', '2023-11-27 23:27:45'),
(664948, 'completed', '2023-11-27 23:27:44', '2023-11-27 23:27:44'),
(672937, 'completed', '2023-11-27 23:27:43', '2023-11-27 23:27:43'),
(673430, 'rejected', '2023-11-27 23:27:45', '2023-11-27 23:27:45'),
(682002, 'rejected', '2023-11-27 23:27:45', '2023-11-27 23:27:45'),
(684515, 'rejected', '2023-11-27 23:27:43', '2023-11-27 23:27:43'),
(699424, 'completed', '2023-11-27 23:27:43', '2023-11-27 23:27:43'),
(701674, 'completed', '2023-11-27 23:27:44', '2023-11-27 23:27:44'),
(710175, 'completed', '2023-11-27 23:27:43', '2023-11-27 23:27:43'),
(713329, 'rejected', '2023-11-27 23:27:43', '2023-11-27 23:27:43'),
(733018, 'rejected', '2023-11-27 23:27:43', '2023-11-27 23:27:43'),
(737420, 'completed', '2023-11-27 23:27:44', '2023-11-27 23:27:44'),
(749595, 'completed', '2023-11-27 23:27:45', '2023-11-27 23:27:45'),
(756125, 'rejected', '2023-11-27 23:27:45', '2023-11-27 23:27:45'),
(758856, 'rejected', '2023-11-27 23:27:44', '2023-11-27 23:27:44'),
(760611, 'rejected', '2023-11-27 23:27:44', '2023-11-27 23:27:44'),
(770175, 'rejected', '2023-11-27 23:27:44', '2023-11-27 23:27:44'),
(777552, 'rejected', '2023-11-27 23:27:45', '2023-11-27 23:27:45'),
(782279, 'completed', '2023-11-27 23:27:44', '2023-11-27 23:27:44'),
(791025, 'completed', '2023-11-27 23:27:42', '2023-11-27 23:27:42'),
(797683, 'rejected', '2023-11-27 23:27:44', '2023-11-27 23:27:44'),
(797712, 'rejected', '2023-11-27 23:27:45', '2023-11-27 23:27:45'),
(800237, 'completed', '2023-11-27 23:27:43', '2023-11-27 23:27:43'),
(800819, 'rejected', '2023-11-27 23:27:43', '2023-11-27 23:27:43'),
(806383, 'completed', '2023-11-27 23:27:44', '2023-11-27 23:27:44'),
(806507, 'rejected', '2023-11-27 23:27:43', '2023-11-27 23:27:43'),
(822196, 'completed', '2023-11-27 23:27:45', '2023-11-27 23:27:45'),
(823213, 'completed', '2023-11-27 23:27:43', '2023-11-27 23:27:43'),
(838046, 'rejected', '2023-11-27 23:27:45', '2023-11-27 23:27:45'),
(850606, 'completed', '2023-11-27 23:27:43', '2023-11-27 23:27:43'),
(856159, 'completed', '2023-11-27 23:27:45', '2023-11-27 23:27:45'),
(856510, 'rejected', '2023-11-27 23:27:45', '2023-11-27 23:27:45'),
(863957, 'completed', '2023-11-27 23:27:43', '2023-11-27 23:27:43'),
(868261, 'rejected', '2023-11-27 23:27:45', '2023-11-27 23:27:45'),
(869505, 'rejected', '2023-11-27 23:27:44', '2023-11-27 23:27:44'),
(875461, 'rejected', '2023-11-27 23:27:43', '2023-11-27 23:27:43'),
(878815, 'rejected', '2023-11-27 23:27:43', '2023-11-27 23:27:43'),
(896951, 'rejected', '2023-11-27 23:27:45', '2023-11-27 23:27:45'),
(907209, 'rejected', '2023-11-27 23:27:45', '2023-11-27 23:27:45'),
(939523, 'rejected', '2023-11-27 23:27:43', '2023-11-27 23:27:43'),
(942397, 'completed', '2023-11-27 23:27:45', '2023-11-27 23:27:45'),
(944165, 'completed', '2023-11-27 23:27:42', '2023-11-27 23:27:42'),
(945421, 'rejected', '2023-11-27 23:27:43', '2023-11-27 23:27:43'),
(947579, 'completed', '2023-11-27 23:27:45', '2023-11-27 23:27:45'),
(948430, 'completed', '2023-11-27 23:27:43', '2023-11-27 23:27:43'),
(950585, 'completed', '2023-11-27 23:27:44', '2023-11-27 23:27:44'),
(952295, 'completed', '2023-11-27 23:27:45', '2023-11-27 23:27:45'),
(956003, 'completed', '2023-11-27 23:27:44', '2023-11-27 23:27:44'),
(964910, 'rejected', '2023-11-27 23:27:44', '2023-11-27 23:27:44'),
(968703, 'completed', '2023-11-27 23:27:42', '2023-11-27 23:27:42'),
(969123, 'rejected', '2023-11-27 23:27:45', '2023-11-27 23:27:45'),
(988040, 'completed', '2023-11-27 23:27:43', '2023-11-27 23:27:43'),
(988624, 'rejected', '2023-11-27 23:27:45', '2023-11-27 23:27:45'),
(999461, 'rejected', '2023-11-27 23:27:43', '2023-11-27 23:27:43'),
(999462, 'Azhr_completed', '2023-11-28 21:52:27', '2023-11-28 21:52:27'),
(999463, 'Azhr_completed', '2023-11-28 22:04:40', '2023-11-28 22:04:40'),
(999464, 'Azhr_completed', '2023-11-28 22:08:52', '2023-11-28 22:08:52'),
(999465, 'Azhr_completed', '2023-11-28 22:18:26', '2023-11-28 22:18:26'),
(999466, 'Azhr_completed', '2023-11-28 22:26:29', '2023-11-28 22:26:29');

-- --------------------------------------------------------

--
-- Table structure for table `users`
--

CREATE TABLE `users` (
  `id` bigint(20) UNSIGNED NOT NULL,
  `name` varchar(255) NOT NULL,
  `email` varchar(255) NOT NULL,
  `email_verified_at` timestamp NULL DEFAULT NULL,
  `password` varchar(255) NOT NULL,
  `remember_token` varchar(100) DEFAULT NULL,
  `created_at` timestamp NULL DEFAULT NULL,
  `updated_at` timestamp NULL DEFAULT NULL
) ENGINE=InnoDB DEFAULT CHARSET=utf8mb4 COLLATE=utf8mb4_unicode_ci;

--
-- Indexes for dumped tables
--

--
-- Indexes for table `clients`
--
ALTER TABLE `clients`
  ADD PRIMARY KEY (`ClientsID`);

--
-- Indexes for table `clients__transactions`
--
ALTER TABLE `clients__transactions`
  ADD PRIMARY KEY (`id`),
  ADD KEY `clients__transactions_clienttr_id_foreign` (`ClientTR_ID`),
  ADD KEY `clients__transactions_transcl_id_foreign` (`TransCL_ID`);

--
-- Indexes for table `failed_jobs`
--
ALTER TABLE `failed_jobs`
  ADD PRIMARY KEY (`id`),
  ADD UNIQUE KEY `failed_jobs_uuid_unique` (`uuid`);

--
-- Indexes for table `migrations`
--
ALTER TABLE `migrations`
  ADD PRIMARY KEY (`id`);

--
-- Indexes for table `objects`
--
ALTER TABLE `objects`
  ADD PRIMARY KEY (`ObjectID`);

--
-- Indexes for table `objects__transactions`
--
ALTER TABLE `objects__transactions`
  ADD PRIMARY KEY (`id`),
  ADD KEY `objects__transactions_objecttr_id_foreign` (`ObjectTR_ID`),
  ADD KEY `objects__transactions_transob_id_foreign` (`TransOB_ID`);

--
-- Indexes for table `password_reset_tokens`
--
ALTER TABLE `password_reset_tokens`
  ADD PRIMARY KEY (`email`);

--
-- Indexes for table `personal_access_tokens`
--
ALTER TABLE `personal_access_tokens`
  ADD PRIMARY KEY (`id`),
  ADD UNIQUE KEY `personal_access_tokens_token_unique` (`token`),
  ADD KEY `personal_access_tokens_tokenable_type_tokenable_id_index` (`tokenable_type`,`tokenable_id`);

--
-- Indexes for table `transactions`
--
ALTER TABLE `transactions`
  ADD PRIMARY KEY (`TransID`);

--
-- Indexes for table `users`
--
ALTER TABLE `users`
  ADD PRIMARY KEY (`id`),
  ADD UNIQUE KEY `users_email_unique` (`email`);

--
-- AUTO_INCREMENT for dumped tables
--

--
-- AUTO_INCREMENT for table `clients`
--
ALTER TABLE `clients`
  MODIFY `ClientsID` bigint(20) UNSIGNED NOT NULL AUTO_INCREMENT, AUTO_INCREMENT=981488;

--
-- AUTO_INCREMENT for table `clients__transactions`
--
ALTER TABLE `clients__transactions`
  MODIFY `id` bigint(20) UNSIGNED NOT NULL AUTO_INCREMENT, AUTO_INCREMENT=151;

--
-- AUTO_INCREMENT for table `failed_jobs`
--
ALTER TABLE `failed_jobs`
  MODIFY `id` bigint(20) UNSIGNED NOT NULL AUTO_INCREMENT;

--
-- AUTO_INCREMENT for table `migrations`
--
ALTER TABLE `migrations`
  MODIFY `id` int(10) UNSIGNED NOT NULL AUTO_INCREMENT, AUTO_INCREMENT=26;

--
-- AUTO_INCREMENT for table `objects`
--
ALTER TABLE `objects`
  MODIFY `ObjectID` bigint(20) UNSIGNED NOT NULL AUTO_INCREMENT, AUTO_INCREMENT=997810;

--
-- AUTO_INCREMENT for table `objects__transactions`
--
ALTER TABLE `objects__transactions`
  MODIFY `id` bigint(20) UNSIGNED NOT NULL AUTO_INCREMENT, AUTO_INCREMENT=151;

--
-- AUTO_INCREMENT for table `personal_access_tokens`
--
ALTER TABLE `personal_access_tokens`
  MODIFY `id` bigint(20) UNSIGNED NOT NULL AUTO_INCREMENT;

--
-- AUTO_INCREMENT for table `transactions`
--
ALTER TABLE `transactions`
  MODIFY `TransID` bigint(20) UNSIGNED NOT NULL AUTO_INCREMENT, AUTO_INCREMENT=999467;

--
-- AUTO_INCREMENT for table `users`
--
ALTER TABLE `users`
  MODIFY `id` bigint(20) UNSIGNED NOT NULL AUTO_INCREMENT;

--
-- Constraints for dumped tables
--

--
-- Constraints for table `clients__transactions`
--
ALTER TABLE `clients__transactions`
  ADD CONSTRAINT `clients__transactions_clienttr_id_foreign` FOREIGN KEY (`ClientTR_ID`) REFERENCES `clients` (`ClientsID`) ON DELETE CASCADE ON UPDATE CASCADE,
  ADD CONSTRAINT `clients__transactions_transcl_id_foreign` FOREIGN KEY (`TransCL_ID`) REFERENCES `transactions` (`TransID`) ON DELETE CASCADE ON UPDATE CASCADE;

--
-- Constraints for table `objects__transactions`
--
ALTER TABLE `objects__transactions`
  ADD CONSTRAINT `objects__transactions_objecttr_id_foreign` FOREIGN KEY (`ObjectTR_ID`) REFERENCES `objects` (`ObjectID`) ON DELETE CASCADE ON UPDATE CASCADE,
  ADD CONSTRAINT `objects__transactions_transob_id_foreign` FOREIGN KEY (`TransOB_ID`) REFERENCES `transactions` (`TransID`) ON DELETE CASCADE ON UPDATE CASCADE;
COMMIT;

/*!40101 SET CHARACTER_SET_CLIENT=@OLD_CHARACTER_SET_CLIENT */;
/*!40101 SET CHARACTER_SET_RESULTS=@OLD_CHARACTER_SET_RESULTS */;
/*!40101 SET COLLATION_CONNECTION=@OLD_COLLATION_CONNECTION */;
